Workbook

Sheet 公式
E2: l(y,x)=not(l(y-1,x-1) xor l(y-1,x) xor l(y-1,x+1) xor l(y-2,x)); | K2: p=B(n)*F | M2: b,f,e,l → p = b(n)*f
B3: F=K^T^-1 | E3: b(y,x)=b(y-1,x-1) xor b(y-1,x) xor b(y-1,x+1) xor b(y-2,x) | K3: q=rev(F(n), p) | M3: p,f(n) → q = rev(f(n), p)
B4: F^-1=K^T | E4: f(y,x)=f(y-1,x-1) xor f(y-2,x) | K4: y=L(n) | M4: q,l(n) → z = Q(S)*l(n)
B5: F^T=K^-1 | E5: g(y,x)=g(y-1,x-1) xor g(y-2,x) xor g(y-1,x) | K5: z=q(H)*y | M5: p,f(n) → g = gcd(p,f(n))
E6: e(y,x)=e(y-1,x-1) xor e(y-1,x+1) | K6: g=gcd(p,F(n)) | M6: g,e → h = g*e
B7: K*P=A | E7: h(y,x):=h(y-1,x-1) xor h(y-1,x+1) xor h(y-2,x) | K7: H(0)=g*E | M7: h → r = fxrst1(h)
B8: K^-1*A=F^T*A=P | K8: x=H^-1*z | M8: h,z,r → x 满足 h*x=z
K9: T(0)=x | M9: x → t(0)=x
M10: t → GeneMat(t)
B11: 扩散多项式逆法
B13: p=af
B14: h=f(n)
B16: p*q=1 mod h，求q
B17: Z=q*Y，Y已知求Z
B19: g=gcd(p,h)，g=1如果可逆
B20: Z=g*X，Z已知求X
B21: s=g^-1，X=g^-1*Z=s*Z

Sheet B
A1: n
B2: 1 | C2: 0 | D2: 0 | E2: 0 | F2: 0 | G2: 0 | H2: 0 | I2: 0 | J2: 0 | K2: 0 | L2: 0 | M2: 0 | N2: 0 | O2: 0 | P2: 0 | Q2: 0 | R2: 0 | S2: 0 | T2: 0 | U2: 0 | V2: 0 | W2: 0 | X2: 0 | Y2: 0 | Z2: 0 | AA2: 0 | AB2: 0 | AC2: 0 | AD2: 0 | AE2: 0 | AF2: 0 | AG2: 0
B3: =MOD(A2+B2+C2+B1,2) -> 1 | C3: =MOD(B2+C2+D2+C1,2) -> 1 | D3: =MOD(C2+D2+E2+D1,2) -> 0 | E3: =MOD(D2+E2+F2+E1,2) -> 0 | F3: =MOD(E2+F2+G2+F1,2) -> 0 | G3: =MOD(F2+G2+H2+G1,2) -> 0 | H3: =MOD(G2+H2+I2+H1,2) -> 0 | I3: =MOD(H2+I2+J2+I1,2) -> 0 | ... AG3: =MOD(AF2+AG2+AH2+AG1,2) -> 0
B4: =MOD(A3+B3+C3+B2,2) -> 1 | C4: =MOD(B3+C3+D3+C2,2) -> 0 | D4: =MOD(C3+D3+E3+D2,2) -> 1 | E4: =MOD(D3+E3+F3+E2,2) -> 0 | F4: =MOD(E3+F3+G3+F2,2) -> 0 | G4: =MOD(F3+G3+H3+G2,2) -> 0 | H4: =MOD(G3+H3+I3+H2,2) -> 0 | I4: =MOD(H3+I3+J3+I2,2) -> 0 | ... AG4: =MOD(AF3+AG3+AH3+AG2,2) -> 0
B5: =MOD(A4+B4+C4+B3,2) -> 0 | C5: =MOD(B4+C4+D4+C3,2) -> 1 | D5: =MOD(C4+D4+E4+D3,2) -> 1 | E5: =MOD(D4+E4+F4+E3,2) -> 1 | F5: =MOD(E4+F4+G4+F3,2) -> 0 | G5: =MOD(F4+G4+H4+G3,2) -> 0 | H5: =MOD(G4+H4+I4+H3,2) -> 0 | I5: =MOD(H4+I4+J4+I3,2) -> 0 | ... AG5: =MOD(AF4+AG4+AH4+AG3,2) -> 0
B6: =MOD(A5+B5+C5+B4,2) -> 0 | C6: =MOD(B5+C5+D5+C4,2) -> 0 | D6: =MOD(C5+D5+E5+D4,2) -> 0 | E6: =MOD(D5+E5+F5+E4,2) -> 0 | F6: =MOD(E5+F5+G5+F4,2) -> 1 | G6: =MOD(F5+G5+H5+G4,2) -> 0 | H6: =MOD(G5+H5+I5+H4,2) -> 0 | I6: =MOD(H5+I5+J5+I4,2) -> 0 | ... AG6: =MOD(AF5+AG5+AH5+AG4,2) -> 0
B7: =MOD(A6+B6+C6+B5,2) -> 0 | C7: =MOD(B6+C6+D6+C5,2) -> 1 | D7: =MOD(C6+D6+E6+D5,2) -> 1 | E7: =MOD(D6+E6+F6+E5,2) -> 0 | F7: =MOD(E6+F6+G6+F5,2) -> 1 | G7: =MOD(F6+G6+H6+G5,2) -> 1 | H7: =MOD(G6+H6+I6+H5,2) -> 0 | I7: =MOD(H6+I6+J6+I5,2) -> 0 | ... AG7: =MOD(AF6+AG6+AH6+AG5,2) -> 0
B8: =MOD(A7+B7+C7+B6,2) -> 1 | C8: =MOD(B7+C7+D7+C6,2) -> 0 | D8: =MOD(C7+D7+E7+D6,2) -> 0 | E8: =MOD(D7+E7+F7+E6,2) -> 0 | F8: =MOD(E7+F7+G7+F6,2) -> 1 | G8: =MOD(F7+G7+H7+G6,2) -> 0 | H8: =MOD(G7+H7+I7+H6,2) -> 1 | I8: =MOD(H7+I7+J7+I6,2) -> 0 | ... AG8: =MOD(AF7+AG7+AH7+AG6,2) -> 0
B9: =MOD(A8+B8+C8+B7,2) -> 1 | C9: =MOD(B8+C8+D8+C7,2) -> 0 | D9: =MOD(C8+D8+E8+D7,2) -> 1 | E9: =MOD(D8+E8+F8+E7,2) -> 1 | F9: =MOD(E8+F8+G8+F7,2) -> 0 | G9: =MOD(F8+G8+H8+G7,2) -> 1 | H9: =MOD(G8+H8+I8+H7,2) -> 1 | I9: =MOD(H8+I8+J8+I7,2) -> 1 | ... AG9: =MOD(AF8+AG8+AH8+AG7,2) -> 0
B10: =MOD(A9+B9+C9+B8,2) -> 0 | C10: =MOD(B9+C9+D9+C8,2) -> 0 | D10: =MOD(C9+D9+E9+D8,2) -> 0 | E10: =MOD(D9+E9+F9+E8,2) -> 0 | F10: =MOD(E9+F9+G9+F8,2) -> 1 | G10: =MOD(F9+G9+H9+G8,2) -> 0 | H10: =MOD(G9+H9+I9+H8,2) -> 0 | I10: =MOD(H9+I9+J9+I8,2) -> 0 | ... AG10: =MOD(AF9+AG9+AH9+AG8,2) -> 0
B11: =MOD(A10+B10+C10+B9,2) -> 1 | C11: =MOD(B10+C10+D10+C9,2) -> 0 | D11: =MOD(C10+D10+E10+D9,2) -> 1 | E11: =MOD(D10+E10+F10+E9,2) -> 0 | F11: =MOD(E10+F10+G10+F9,2) -> 1 | G11: =MOD(F10+G10+H10+G9,2) -> 0 | H11: =MOD(G10+H10+I10+H9,2) -> 1 | I11: =MOD(H10+I10+J10+I9,2) -> 0 | ... AG11: =MOD(AF10+AG10+AH10+AG9,2) -> 0
B12: =MOD(A11+B11+C11+B10,2) -> 1 | C12: =MOD(B11+C11+D11+C10,2) -> 0 | D12: =MOD(C11+D11+E11+D10,2) -> 1 | E12: =MOD(D11+E11+F11+E10,2) -> 0 | F12: =MOD(E11+F11+G11+F10,2) -> 0 | G12: =MOD(F11+G11+H11+G10,2) -> 0 | H12: =MOD(G11+H11+I11+H10,2) -> 1 | I12: =MOD(H11+I11+J11+I10,2) -> 0 | ... AG12: =MOD(AF11+AG11+AH11+AG10,2) -> 0
B13: =MOD(A12+B12+C12+B11,2) -> 0 | C13: =MOD(B12+C12+D12+C11,2) -> 0 | D13: =MOD(C12+D12+E12+D11,2) -> 0 | E13: =MOD(D12+E12+F12+E11,2) -> 1 | F13: =MOD(E12+F12+G12+F11,2) -> 1 | G13: =MOD(F12+G12+H12+G11,2) -> 1 | H13: =MOD(G12+H12+I12+H11,2) -> 0 | I13: =MOD(H12+I12+J12+I11,2) -> 0 | ... AG13: =MOD(AF12+AG12+AH12+AG11,2) -> 0
B14: =MOD(A13+B13+C13+B12,2) -> 1 | C14: =MOD(B13+C13+D13+C12,2) -> 0 | D14: =MOD(C13+D13+E13+D12,2) -> 0 | E14: =MOD(D13+E13+F13+E12,2) -> 0 | F14: =MOD(E13+F13+G13+F12,2) -> 1 | G14: =MOD(F13+G13+H13+G12,2) -> 0 | H14: =MOD(G13+H13+I13+H12,2) -> 0 | I14: =MOD(H13+I13+J13+I12,2) -> 0 | ... AG14: =MOD(AF13+AG13+AH13+AG12,2) -> 0
... B33: =MOD(A32+B32+C32+B31,2) -> 1 | C33: =MOD(B32+C32+D32+C31,2) -> 0 | D33: =MOD(C32+D32+E32+D31,2) -> 1 | E33: =MOD(D32+E32+F32+E31,2) -> 1 | F33: =MOD(E32+F32+G32+F31,2) -> 0 | G33: =MOD(F32+G32+H32+G31,2) -> 1 | H33: =MOD(G32+H32+I32+H31,2) -> 1 | I33: =MOD(H32+I32+J32+I31,2) -> 0 | ... AG33: =MOD(AF32+AG32+AH32+AG31,2) -> 1

Sheet Y(灯)
B1: n-1
C3: 1 | Y3: 0 | AA3: 0 | AB3: 0 | AD3: 0 | AE3: 0 | AF3: 0 | AH3: 0 | AI3: 0 | AJ3: 0 | AK3: 0 | AM3: 0 | AN3: 0 | AO3: 0 | AP3: 0 | AQ3: 0 | AS3: 0 | AT3: 0 | AU3: 0 | AV3: 0 | AW3: 0 | AX3: 0 | AZ3: 0 | BA3: 0 | BB3: 0 | BC3: 0 | BD3: 0 | BE3: 0 | BF3: 0 | BH3: 0 | BI3: 0 | BJ3: 0 | BK3: 0 | BL3: 0 | BM3: 0 | BN3: 0 | BO3: 0 | BQ3: 0 | BR3: 0 | BS3: 0 | BT3: 0 | BU3: 0 | BV3: 0 | BW3: 0 | BX3: 0 | BY3: 0
C4: =MOD(A3+B3+C3+A2+'Y(递推)'!A3+'Y(递推)'!B3+'Y(递推)'!C3+'Y(递推)'!A2+'Y(递推)'!B2+1,2) -> 1 | D4: =MOD(B3+C3+D3+B2+'Y(递推)'!B3+'Y(递推)'!C3+'Y(递推)'!D3+'Y(递推)'!B2+'Y(递推)'!C2+1,2) -> 1 | Y4: =MOD(X3+Y3+Z3+Y2+1,2) -> 1 | AA4: =MOD(Z3+AA3+AB3+AA2+1,2) -> 1 | AB4: =MOD(AA3+AB3+AC3+AB2+1,2) -> 1 | AD4: =MOD(AC3+AD3+AE3+AD2+1,2) -> 1 | AE4: =MOD(AD3+AE3+AF3+AE2+1,2) -> 1 | AF4: =MOD(AE3+AF3+AG3+AF2+1,2) -> 1 | AH4: =MOD(AG3+AH3+AI3+AH2+1,2) -> 1 | AI4: =MOD(AH3+AI3+AJ3+AI2+1,2) -> 1 | AJ4: =MOD(AI3+AJ3+AK3+AJ2+1,2) -> 1 | AK4: =MOD(AJ3+AK3+AL3+AK2+1,2) -> 1 | AM4: =MOD(AL3+AM3+AN3+AM2+1,2) -> 1 | AN4: =MOD(AM3+AN3+AO3+AN2+1,2) -> 1 | AO4: =MOD(AN3+AO3+AP3+AO2+1,2) -> 1 | AP4: =MOD(AO3+AP3+AQ3+AP2+1,2) -> 1 | AQ4: =MOD(AP3+AQ3+AR3+AQ2+1,2) -> 1 | AS4: =MOD(AR3+AS3+AT3+AS2+1,2) -> 1 | AT4: =MOD(AS3+AT3+AU3+AT2+1,2) -> 1 | AU4: =MOD(AT3+AU3+AV3+AU2+1,2) -> 1 | AV4: =MOD(AU3+AV3+AW3+AV2+1,2) -> 1 | AW4: =MOD(AV3+AW3+AX3+AW2+1,2) -> 1 | AX4: =MOD(AW3+AX3+AY3+AX2+1,2) -> 1 | AZ4: =MOD(AY3+AZ3+BA3+AZ2+1,2) -> 1 | BA4: =MOD(AZ3+BA3+BB3+BA2+1,2) -> 1 | BB4: =MOD(BA3+BB3+BC3+BB2+1,2) -> 1 | BC4: =MOD(BB3+BC3+BD3+BC2+1,2) -> 1 | BD4: =MOD(BC3+BD3+BE3+BD2+1,2) -> 1 | BE4: =MOD(BD3+BE3+BF3+BE2+1,2) -> 1 | BF4: =MOD(BE3+BF3+BG3+BF2+1,2) -> 1 | BH4: =MOD(BG3+BH3+BI3+BH2+1,2) -> 1 | BI4: =MOD(BH3+BI3+BJ3+BI2+1,2) -> 1 | BJ4: =MOD(BI3+BJ3+BK3+BJ2+1,2) -> 1 | BK4: =MOD(BJ3+BK3+BL3+BK2+1,2) -> 1 | BL4: =MOD(BK3+BL3+BM3+BL2+1,2) -> 1 | BM4: =MOD(BL3+BM3+BN3+BM2+1,2) -> 1 | BN4: =MOD(BM3+BN3+BO3+BN2+1,2) -> 1 | BO4: =MOD(BN3+BO3+BP3+BO2+1,2) -> 1 | BQ4: =MOD(BP3+BQ3+BR3+BQ2+1,2) -> 1 | BR4: =MOD(BQ3+BR3+BS3+BR2+1,2) -> 1 | BS4: =MOD(BR3+BS3+BT3+BS2+1,2) -> 1 | BT4: =MOD(BS3+BT3+BU3+BT2+1,2) -> 1 | BU4: =MOD(BT3+BU3+BV3+BU2+1,2) -> 1 | BV4: =MOD(BU3+BV3+BW3+BV2+1,2) -> 1 | BW4: =MOD(BV3+BW3+BX3+BW2+1,2) -> 1 | BX4: =MOD(BW3+BX3+BY3+BX2+1,2) -> 1 | BY4: =MOD(BX3+BY3+BZ3+BY2+1,2) -> 1
C5: =MOD(A4+B4+C4+A3+'Y(递推)'!A4+'Y(递推)'!B4+'Y(递推)'!C4+'Y(递推)'!A3+'Y(递推)'!B3+1,2) -> 1 | D5: =MOD(B4+C4+D4+B3+'Y(递推)'!B4+'Y(递推)'!C4+'Y(递推)'!D4+'Y(递推)'!B3+'Y(递推)'!C3+1,2) -> 0 | E5: =MOD(C4+D4+E4+C3+'Y(递推)'!C4+'Y(递推)'!D4+'Y(递推)'!E4+'Y(递推)'!C3+'Y(递推)'!D3+1,2) -> 1 | AA5: =MOD(Z4+AA4+AB4+AA3+1,2) -> 1 | AB5: =MOD(AA4+AB4+AC4+AB3+1,2) -> 1 | AD5: =MOD(AC4+AD4+AE4+AD3+1,2) -> 1 | AE5: =MOD(AD4+AE4+AF4+AE3+1,2) -> 0 | AF5: =MOD(AE4+AF4+AG4+AF3+1,2) -> 1 | AH5: =MOD(AG4+AH4+AI4+AH3+1,2) -> 1 | AI5: =MOD(AH4+AI4+AJ4+AI3+1,2) -> 0 | AJ5: =MOD(AI4+AJ4+AK4+AJ3+1,2) -> 0 | AK5: =MOD(AJ4+AK4+AL4+AK3+1,2) -> 1 | AM5: =MOD(AL4+AM4+AN4+AM3+1,2) -> 1 | AN5: =MOD(AM4+AN4+AO4+AN3+1,2) -> 0 | AO5: =MOD(AN4+AO4+AP4+AO3+1,2) -> 0 | AP5: =MOD(AO4+AP4+AQ4+AP3+1,2) -> 0 | AQ5: =MOD(AP4+AQ4+AR4+AQ3+1,2) -> 1 | AS5: =MOD(AR4+AS4+AT4+AS3+1,2) -> 1 | AT5: =MOD(AS4+AT4+AU4+AT3+1,2) -> 0 | AU5: =MOD(AT4+AU4+AV4+AU3+1,2) -> 0 | AV5: =MOD(AU4+AV4+AW4+AV3+1,2) -> 0 | AW5: =MOD(AV4+AW4+AX4+AW3+1,2) -> 0 | AX5: =MOD(AW4+AX4+AY4+AX3+1,2) -> 1 | AZ5: =MOD(AY4+AZ4+BA4+AZ3+1,2) -> 1 | BA5: =MOD(AZ4+BA4+BB4+BA3+1,2) -> 0 | BB5: =MOD(BA4+BB4+BC4+BB3+1,2) -> 0 | BC5: =MOD(BB4+BC4+BD4+BC3+1,2) -> 0 | BD5: =MOD(BC4+BD4+BE4+BD3+1,2) -> 0 | BE5: =MOD(BD4+BE4+BF4+BE3+1,2) -> 0 | BF5: =MOD(BE4+BF4+BG4+BF3+1,2) -> 1 | BH5: =MOD(BG4+BH4+BI4+BH3+1,2) -> 1 | BI5: =MOD(BH4+BI4+BJ4+BI3+1,2) -> 0 | BJ5: =MOD(BI4+BJ4+BK4+BJ3+1,2) -> 0 | BK5: =MOD(BJ4+BK4+BL4+BK3+1,2) -> 0 | BL5: =MOD(BK4+BL4+BM4+BL3+1,2) -> 0 | BM5: =MOD(BL4+BM4+BN4+BM3+1,2) -> 0 | BN5: =MOD(BM4+BN4+BO4+BN3+1,2) -> 0 | BO5: =MOD(BN4+BO4+BP4+BO3+1,2) -> 1 | BQ5: =MOD(BP4+BQ4+BR4+BQ3+1,2) -> 1 | BR5: =MOD(BQ4+BR4+BS4+BR3+1,2) -> 0 | BS5: =MOD(BR4+BS4+BT4+BS3+1,2) -> 0 | BT5: =MOD(BS4+BT4+BU4+BT3+1,2) -> 0 | BU5: =MOD(BT4+BU4+BV4+BU3+1,2) -> 0 | BV5: =MOD(BU4+BV4+BW4+BV3+1,2) -> 0 | BW5: =MOD(BV4+BW4+BX4+BW3+1,2) -> 0 | BX5: =MOD(BW4+BX4+BY4+BX3+1,2) -> 0 | BY5: =MOD(BX4+BY4+BZ4+BY3+1,2) -> 1
C6: =MOD(A5+B5+C5+A4+'Y(递推)'!A5+'Y(递推)'!B5+'Y(递推)'!C5+'Y(递推)'!A4+'Y(递推)'!B4+1,2) -> 0 | D6: =MOD(B5+C5+D5+B4+'Y(递推)'!B5+'Y(递推)'!C5+'Y(递推)'!D5+'Y(递推)'!B4+'Y(递推)'!C4+1,2) -> 0 | E6: =MOD(C5+D5+E5+C4+'Y(递推)'!C5+'Y(递推)'!D5+'Y(递推)'!E5+'Y(递推)'!C4+'Y(递推)'!D4+1,2) -> 0 | F6: =MOD(D5+E5+F5+D4+'Y(递推)'!D5+'Y(递推)'!E5+'Y(递推)'!F5+'Y(递推)'!D4+'Y(递推)'!E4+1,2) -> 0 | AD6: =MOD(AC5+AD5+AE5+AD4+1,2) -> 1 | AE6: =MOD(AD5+AE5+AF5+AE4+1,2) -> 0 | AF6: =MOD(AE5+AF5+AG5+AF4+1,2) -> 1 | AH6: =MOD(AG5+AH5+AI5+AH4+1,2) -> 1 | AI6: =MOD(AH5+AI5+AJ5+AI4+1,2) -> 1 | AJ6: =MOD(AI5+AJ5+AK5+AJ4+1,2) -> 1 | AK6: =MOD(AJ5+AK5+AL5+AK4+1,2) -> 1 | AM6: =MOD(AL5+AM5+AN5+AM4+1,2) -> 1 | AN6: =MOD(AM5+AN5+AO5+AN4+1,2) -> 1 | AO6: =MOD(AN5+AO5+AP5+AO4+1,2) -> 0 | AP6: =MOD(AO5+AP5+AQ5+AP4+1,2) -> 1 | AQ6: =MOD(AP5+AQ5+AR5+AQ4+1,2) -> 1 | AS6: =MOD(AR5+AS5+AT5+AS4+1,2) -> 1 | AT6: =MOD(AS5+AT5+AU5+AT4+1,2) -> 1 | AU6: =MOD(AT5+AU5+AV5+AU4+1,2) -> 0 | AV6: =MOD(AU5+AV5+AW5+AV4+1,2) -> 0 | AW6: =MOD(AV5+AW5+AX5+AW4+1,2) -> 1 | AX6: =MOD(AW5+AX5+AY5+AX4+1,2) -> 1 | AZ6: =MOD(AY5+AZ5+BA5+AZ4+1,2) -> 1 | BA6: =MOD(AZ5+BA5+BB5+BA4+1,2) -> 1 | BB6: =MOD(BA5+BB5+BC5+BB4+1,2) -> 0 | BC6: =MOD(BB5+BC5+BD5+BC4+1,2) -> 0 | BD6: =MOD(BC5+BD5+BE5+BD4+1,2) -> 0 | BE6: =MOD(BD5+BE5+BF5+BE4+1,2) -> 1 | BF6: =MOD(BE5+BF5+BG5+BF4+1,2) -> 1 | BH6: =MOD(BG5+BH5+BI5+BH4+1,2) -> 1 | BI6: =MOD(BH5+BI5+BJ5+BI4+1,2) -> 1 | BJ6: =MOD(BI5+BJ5+BK5+BJ4+1,2) -> 0 | BK6: =MOD(BJ5+BK5+BL5+BK4+1,2) -> 0 | BL6: =MOD(BK5+BL5+BM5+BL4+1,2) -> 0 | BM6: =MOD(BL5+BM5+BN5+BM4+1,2) -> 0 | BN6: =MOD(BM5+BN5+BO5+BN4+1,2) -> 1 | BO6: =MOD(BN5+BO5+BP5+BO4+1,2) -> 1 | BQ6: =MOD(BP5+BQ5+BR5+BQ4+1,2) -> 1 | BR6: =MOD(BQ5+BR5+BS5+BR4+1,2) -> 1 | BS6: =MOD(BR5+BS5+BT5+BS4+1,2) -> 0 | BT6: =MOD(BS5+BT5+BU5+BT4+1,2) -> 0 | BU6: =MOD(BT5+BU5+BV5+BU4+1,2) -> 0 | BV6: =MOD(BU5+BV5+BW5+BV4+1,2) -> 0 | BW6: =MOD(BV5+BW5+BX5+BW4+1,2) -> 0 | BX6: =MOD(BW5+BX5+BY5+BX4+1,2) -> 1 | BY6: =MOD(BX5+BY5+BZ5+BY4+1,2) -> 1
C7: =MOD(A6+B6+C6+A5+'Y(递推)'!A6+'Y(递推)'!B6+'Y(递推)'!C6+'Y(递推)'!A5+'Y(递推)'!B5+1,2) -> 1 | D7: =MOD(B6+C6+D6+B5+'Y(递推)'!B6+'Y(递推)'!C6+'Y(递推)'!D6+'Y(递推)'!B5+'Y(递推)'!C5+1,2) -> 0 | E7: =MOD(C6+D6+E6+C5+'Y(递推)'!C6+'Y(递推)'!D6+'Y(递推)'!E6+'Y(递推)'!C5+'Y(递推)'!D5+1,2) -> 0 | F7: =MOD(D6+E6+F6+D5+'Y(递推)'!D6+'Y(递推)'!E6+'Y(递推)'!F6+'Y(递推)'!D5+'Y(递推)'!E5+1,2) -> 0 | G7: =MOD(E6+F6+G6+E5+'Y(递推)'!E6+'Y(递推)'!F6+'Y(递推)'!G6+'Y(递推)'!E5+'Y(递推)'!F5+1,2) -> 1 | AH7: =MOD(AG6+AH6+AI6+AH5+1,2) -> 0 | AI7: =MOD(AH6+AI6+AJ6+AI5+1,2) -> 0 | AJ7: =MOD(AI6+AJ6+AK6+AJ5+1,2) -> 0 | AK7: =MOD(AJ6+AK6+AL6+AK5+1,2) -> 0 | AM7: =MOD(AL6+AM6+AN6+AM5+1,2) -> 0 | AN7: =MOD(AM6+AN6+AO6+AN5+1,2) -> 1 | AO7: =MOD(AN6+AO6+AP6+AO5+1,2) -> 1 | AP7: =MOD(AO6+AP6+AQ6+AP5+1,2) -> 1 | AQ7: =MOD(AP6+AQ6+AR6+AQ5+1,2) -> 0 | AS7: =MOD(AR6+AS6+AT6+AS5+1,2) -> 0 | AT7: =MOD(AS6+AT6+AU6+AT5+1,2) -> 1 | AU7: =MOD(AT6+AU6+AV6+AU5+1,2) -> 0 | AV7: =MOD(AU6+AV6+AW6+AV5+1,2) -> 0 | AW7: =MOD(AV6+AW6+AX6+AW5+1,2) -> 1 | AX7: =MOD(AW6+AX6+AY6+AX5+1,2) -> 0 | AZ7: =MOD(AY6+AZ6+BA6+AZ5+1,2) -> 0 | BA7: =MOD(AZ6+BA6+BB6+BA5+1,2) -> 1 | BB7: =MOD(BA6+BB6+BC6+BB5+1,2) -> 0 | BC7: =MOD(BB6+BC6+BD6+BC5+1,2) -> 1 | BD7: =MOD(BC6+BD6+BE6+BD5+1,2) -> 0 | BE7: =MOD(BD6+BE6+BF6+BE5+1,2) -> 1 | BF7: =MOD(BE6+BF6+BG6+BF5+1,2) -> 0 | BH7: =MOD(BG6+BH6+BI6+BH5+1,2) -> 0 | BI7: =MOD(BH6+BI6+BJ6+BI5+1,2) -> 1 | BJ7: =MOD(BI6+BJ6+BK6+BJ5+1,2) -> 0 | BK7: =MOD(BJ6+BK6+BL6+BK5+1,2) -> 1 | BL7: =MOD(BK6+BL6+BM6+BL5+1,2) -> 1 | BM7: =MOD(BL6+BM6+BN6+BM5+1,2) -> 0 | BN7: =MOD(BM6+BN6+BO6+BN5+1,2) -> 1 | BO7: =MOD(BN6+BO6+BP6+BO5+1,2) -> 0 | BQ7: =MOD(BP6+BQ6+BR6+BQ5+1,2) -> 0 | BR7: =MOD(BQ6+BR6+BS6+BR5+1,2) -> 1 | BS7: =MOD(BR6+BS6+BT6+BS5+1,2) -> 0 | BT7: =MOD(BS6+BT6+BU6+BT5+1,2) -> 1 | BU7: =MOD(BT6+BU6+BV6+BU5+1,2) -> 1 | BV7: =MOD(BU6+BV6+BW6+BV5+1,2) -> 1 | BW7: =MOD(BV6+BW6+BX6+BW5+1,2) -> 0 | BX7: =MOD(BW6+BX6+BY6+BX5+1,2) -> 1 | BY7: =MOD(BX6+BY6+BZ6+BY5+1,2) -> 0
C8: =MOD(A7+B7+C7+A6+'Y(递推)'!A7+'Y(递推)'!B7+'Y(递推)'!C7+'Y(递推)'!A6+'Y(递推)'!B6+1,2) -> 1 | D8: =MOD(B7+C7+D7+B6+'Y(递推)'!B7+'Y(递推)'!C7+'Y(递推)'!D7+'Y(递推)'!B6+'Y(递推)'!C6+1,2) -> 0 | E8: =MOD(C7+D7+E7+C6+'Y(递推)'!C7+'Y(递推)'!D7+'Y(递推)'!E7+'Y(递推)'!C6+'Y(递推)'!D6+1,2) -> 0 | F8: =MOD(D7+E7+F7+D6+'Y(递推)'!D7+'Y(递推)'!E7+'Y(递推)'!F7+'Y(递推)'!D6+'Y(递推)'!E6+1,2) -> 0 | G8: =MOD(E7+F7+G7+E6+'Y(递推)'!E7+'Y(递推)'!F7+'Y(递推)'!G7+'Y(递推)'!E6+'Y(递推)'!F6+1,2) -> 0 | H8: =MOD(F7+G7+H7+F6+'Y(递推)'!F7+'Y(递推)'!G7+'Y(递推)'!H7+'Y(递推)'!F6+'Y(递推)'!G6+1,2) -> 1 | AM8: =MOD(AL7+AM7+AN7+AM6+1,2) -> 1 | AN8: =MOD(AM7+AN7+AO7+AN6+1,2) -> 0 | AO8: =MOD(AN7+AO7+AP7+AO6+1,2) -> 0 | AP8: =MOD(AO7+AP7+AQ7+AP6+1,2) -> 0 | AQ8: =MOD(AP7+AQ7+AR7+AQ6+1,2) -> 1 | AS8: =MOD(AR7+AS7+AT7+AS6+1,2) -> 1 | AT8: =MOD(AS7+AT7+AU7+AT6+1,2) -> 1 | AU8: =MOD(AT7+AU7+AV7+AU6+1,2) -> 0 | AV8: =MOD(AU7+AV7+AW7+AV6+1,2) -> 0 | AW8: =MOD(AV7+AW7+AX7+AW6+1,2) -> 1 | AX8: =MOD(AW7+AX7+AY7+AX6+1,2) -> 1 | AZ8: =MOD(AY7+AZ7+BA7+AZ6+1,2) -> 1 | BA8: =MOD(AZ7+BA7+BB7+BA6+1,2) -> 1 | BB8: =MOD(BA7+BB7+BC7+BB6+1,2) -> 1 | BC8: =MOD(BB7+BC7+BD7+BC6+1,2) -> 0 | BD8: =MOD(BC7+BD7+BE7+BD6+1,2) -> 1 | BE8: =MOD(BD7+BE7+BF7+BE6+1,2) -> 1 | BF8: =MOD(BE7+BF7+BG7+BF6+1,2) -> 1 | BH8: =MOD(BG7+BH7+BI7+BH6+1,2) -> 1 | BI8: =MOD(BH7+BI7+BJ7+BI6+1,2) -> 1 | BJ8: =MOD(BI7+BJ7+BK7+BJ6+1,2) -> 1 | BK8: =MOD(BJ7+BK7+BL7+BK6+1,2) -> 1 | BL8: =MOD(BK7+BL7+BM7+BL6+1,2) -> 1 | BM8: =MOD(BL7+BM7+BN7+BM6+1,2) -> 1 | BN8: =MOD(BM7+BN7+BO7+BN6+1,2) -> 1 | BO8: =MOD(BN7+BO7+BP7+BO6+1,2) -> 1 | BQ8: =MOD(BP7+BQ7+BR7+BQ6+1,2) -> 1 | BR8: =MOD(BQ7+BR7+BS7+BR6+1,2) -> 1 | BS8: =MOD(BR7+BS7+BT7+BS6+1,2) -> 1 | BT8: =MOD(BS7+BT7+BU7+BT6+1,2) -> 1 | BU8: =MOD(BT7+BU7+BV7+BU6+1,2) -> 0 | BV8: =MOD(BU7+BV7+BW7+BV6+1,2) -> 1 | BW8: =MOD(BV7+BW7+BX7+BW6+1,2) -> 1 | BX8: =MOD(BW7+BX7+BY7+BX6+1,2) -> 1 | BY8: =MOD(BX7+BY7+BZ7+BY6+1,2) -> 1
C9: =MOD(A8+B8+C8+A7+'Y(递推)'!A8+'Y(递推)'!B8+'Y(递推)'!C8+'Y(递推)'!A7+'Y(递推)'!B7+1,2) -> 0 | D9: =MOD(B8+C8+D8+B7+'Y(递推)'!B8+'Y(递推)'!C8+'Y(递推)'!D8+'Y(递推)'!B7+'Y(递推)'!C7+1,2) -> 1 | E9: =MOD(C8+D8+E8+C7+'Y(递推)'!C8+'Y(递推)'!D8+'Y(递推)'!E8+'Y(递推)'!C7+'Y(递推)'!D7+1,2) -> 0 | F9: =MOD(D8+E8+F8+D7+'Y(递推)'!D8+'Y(递推)'!E8+'Y(递推)'!F8+'Y(递推)'!D7+'Y(递推)'!E7+1,2) -> 1 | G9: =MOD(E8+F8+G8+E7+'Y(递推)'!E8+'Y(递推)'!F8+'Y(递推)'!G8+'Y(递推)'!E7+'Y(递推)'!F7+1,2) -> 0 | H9: =MOD(F8+G8+H8+F7+'Y(递推)'!F8+'Y(递推)'!G8+'Y(递推)'!H8+'Y(递推)'!F7+'Y(递推)'!G7+1,2) -> 1 | I9: =MOD(G8+H8+I8+G7+'Y(递推)'!G8+'Y(递推)'!H8+'Y(递推)'!I8+'Y(递推)'!G7+'Y(递推)'!H7+1,2) -> 0 | AS9: =MOD(AR8+AS8+AT8+AS7+1,2) -> 1 | AT9: =MOD(AS8+AT8+AU8+AT7+1,2) -> 0 | AU9: =MOD(AT8+AU8+AV8+AU7+1,2) -> 0 | AV9: =MOD(AU8+AV8+AW8+AV7+1,2) -> 0 | AW9: =MOD(AV8+AW8+AX8+AW7+1,2) -> 0 | AX9: =MOD(AW8+AX8+AY8+AX7+1,2) -> 1 | AZ9: =MOD(AY8+AZ8+BA8+AZ7+1,2) -> 1 | BA9: =MOD(AZ8+BA8+BB8+BA7+1,2) -> 1 | BB9: =MOD(BA8+BB8+BC8+BB7+1,2) -> 1 | BC9: =MOD(BB8+BC8+BD8+BC7+1,2) -> 0 | BD9: =MOD(BC8+BD8+BE8+BD7+1,2) -> 1 | BE9: =MOD(BD8+BE8+BF8+BE7+1,2) -> 1 | BF9: =MOD(BE8+BF8+BG8+BF7+1,2) -> 1 | BH9: =MOD(BG8+BH8+BI8+BH7+1,2) -> 1 | BI9: =MOD(BH8+BI8+BJ8+BI7+1,2) -> 1 | BJ9: =MOD(BI8+BJ8+BK8+BJ7+1,2) -> 0 | BK9: =MOD(BJ8+BK8+BL8+BK7+1,2) -> 1 | BL9: =MOD(BK8+BL8+BM8+BL7+1,2) -> 1 | BM9: =MOD(BL8+BM8+BN8+BM7+1,2) -> 0 | BN9: =MOD(BM8+BN8+BO8+BN7+1,2) -> 1 | BO9: =MOD(BN8+BO8+BP8+BO7+1,2) -> 1 | BQ9: =MOD(BP8+BQ8+BR8+BQ7+1,2) -> 1 | BR9: =MOD(BQ8+BR8+BS8+BR7+1,2) -> 1 | BS9: =MOD(BR8+BS8+BT8+BS7+1,2) -> 0 | BT9: =MOD(BS8+BT8+BU8+BT7+1,2) -> 0 | BU9: =MOD(BT8+BU8+BV8+BU7+1,2) -> 0 | BV9: =MOD(BU8+BV8+BW8+BV7+1,2) -> 0 | BW9: =MOD(BV8+BW8+BX8+BW7+1,2) -> 0 | BX9: =MOD(BW8+BX8+BY8+BX7+1,2) -> 1 | BY9: =MOD(BX8+BY8+BZ8+BY7+1,2) -> 1
C10: =MOD(A9+B9+C9+A8+'Y(递推)'!A9+'Y(递推)'!B9+'Y(递推)'!C9+'Y(递推)'!A8+'Y(递推)'!B8+1,2) -> 0 | D10: =MOD(B9+C9+D9+B8+'Y(递推)'!B9+'Y(递推)'!C9+'Y(递推)'!D9+'Y(递推)'!B8+'Y(递推)'!C8+1,2) -> 0 | E10: =MOD(C9+D9+E9+C8+'Y(递推)'!C9+'Y(递推)'!D9+'Y(递推)'!E9+'Y(递推)'!C8+'Y(递推)'!D8+1,2) -> 1 | F10: =MOD(D9+E9+F9+D8+'Y(递推)'!D9+'Y(递推)'!E9+'Y(递推)'!F9+'Y(递推)'!D8+'Y(递推)'!E8+1,2) -> 0 | G10: =MOD(E9+F9+G9+E8+'Y(递推)'!E9+'Y(递推)'!F9+'Y(递推)'!G9+'Y(递推)'!E8+'Y(递推)'!F8+1,2) -> 0 | H10: =MOD(F9+G9+H9+F8+'Y(递推)'!F9+'Y(递推)'!G9+'Y(递推)'!H9+'Y(递推)'!F8+'Y(递推)'!G8+1,2) -> 1 | I10: =MOD(G9+H9+I9+G8+'Y(递推)'!G9+'Y(递推)'!H9+'Y(递推)'!I9+'Y(递推)'!G8+'Y(递推)'!H8+1,2) -> 0 | J10: =MOD(H9+I9+J9+H8+'Y(递推)'!H9+'Y(递推)'!I9+'Y(递推)'!J9+'Y(递推)'!H8+'Y(递推)'!I8+1,2) -> 0 | AZ10: =MOD(AY9+AZ9+BA9+AZ8+1,2) -> 0 | BA10: =MOD(AZ9+BA9+BB9+BA8+1,2) -> 1 | BB10: =MOD(BA9+BB9+BC9+BB8+1,2) -> 0 | BC10: =MOD(BB9+BC9+BD9+BC8+1,2) -> 1 | BD10: =MOD(BC9+BD9+BE9+BD8+1,2) -> 0 | BE10: =MOD(BD9+BE9+BF9+BE8+1,2) -> 1 | BF10: =MOD(BE9+BF9+BG9+BF8+1,2) -> 0 | BH10: =MOD(BG9+BH9+BI9+BH8+1,2) -> 0 | BI10: =MOD(BH9+BI9+BJ9+BI8+1,2) -> 0 | BJ10: =MOD(BI9+BJ9+BK9+BJ8+1,2) -> 0 | BK10: =MOD(BJ9+BK9+BL9+BK8+1,2) -> 0 | BL10: =MOD(BK9+BL9+BM9+BL8+1,2) -> 0 | BM10: =MOD(BL9+BM9+BN9+BM8+1,2) -> 0 | BN10: =MOD(BM9+BN9+BO9+BN8+1,2) -> 0 | BO10: =MOD(BN9+BO9+BP9+BO8+1,2) -> 0 | BQ10: =MOD(BP9+BQ9+BR9+BQ8+1,2) -> 0 | BR10: =MOD(BQ9+BR9+BS9+BR8+1,2) -> 0 | BS10: =MOD(BR9+BS9+BT9+BS8+1,2) -> 1 | BT10: =MOD(BS9+BT9+BU9+BT8+1,2) -> 0 | BU10: =MOD(BT9+BU9+BV9+BU8+1,2) -> 1 | BV10: =MOD(BU9+BV9+BW9+BV8+1,2) -> 0 | BW10: =MOD(BV9+BW9+BX9+BW8+1,2) -> 1 | BX10: =MOD(BW9+BX9+BY9+BX8+1,2) -> 0 | BY10: =MOD(BX9+BY9+BZ9+BY8+1,2) -> 0
C11: =MOD(A10+B10+C10+A9+'Y(递推)'!A10+'Y(递推)'!B10+'Y(递推)'!C10+'Y(递推)'!A9+'Y(递推)'!B9+1,2) -> 0 | D11: =MOD(B10+C10+D10+B9+'Y(递推)'!B10+'Y(递推)'!C10+'Y(递推)'!D10+'Y(递推)'!B9+'Y(递推)'!C9+1,2) -> 0 | E11: =MOD(C10+D10+E10+C9+'Y(递推)'!C10+'Y(递推)'!D10+'Y(递推)'!E10+'Y(递推)'!C9+'Y(递推)'!D9+1,2) -> 0 | F11: =MOD(D10+E10+F10+D9+'Y(递推)'!D10+'Y(递推)'!E10+'Y(递推)'!F10+'Y(递推)'!D9+'Y(递推)'!E9+1,2) -> 0 | G11: =MOD(E10+F10+G10+E9+'Y(递推)'!E10+'Y(递推)'!F10+'Y(递推)'!G10+'Y(递推)'!E9+'Y(递推)'!F9+1,2) -> 0 | H11: =MOD(F10+G10+H10+F9+'Y(递推)'!F10+'Y(递推)'!G10+'Y(递推)'!H10+'Y(递推)'!F9+'Y(递推)'!G9+1,2) -> 0 | I11: =MOD(G10+H10+I10+G9+'Y(递推)'!G10+'Y(递推)'!H10+'Y(递推)'!I10+'Y(递推)'!G9+'Y(递推)'!H9+1,2) -> 0 | J11: =MOD(H10+I10+J10+H9+'Y(递推)'!H10+'Y(递推)'!I10+'Y(递推)'!J10+'Y(递推)'!H9+'Y(递推)'!I9+1,2) -> 0 | K11: =MOD(I10+J10+K10+I9+'Y(递推)'!I10+'Y(递推)'!J10+'Y(递推)'!K10+'Y(递推)'!I9+'Y(递推)'!J9+1,2) -> 0 | BH11: =MOD(BG10+BH10+BI10+BH9+1,2) -> 0 | BI11: =MOD(BH10+BI10+BJ10+BI9+1,2) -> 0 | BJ11: =MOD(BI10+BJ10+BK10+BJ9+1,2) -> 1 | BK11: =MOD(BJ10+BK10+BL10+BK9+1,2) -> 0 | BL11: =MOD(BK10+BL10+BM10+BL9+1,2) -> 0 | BM11: =MOD(BL10+BM10+BN10+BM9+1,2) -> 1 | BN11: =MOD(BM10+BN10+BO10+BN9+1,2) -> 0 | BO11: =MOD(BN10+BO10+BP10+BO9+1,2) -> 0 | BQ11: =MOD(BP10+BQ10+BR10+BQ9+1,2) -> 0 | BR11: =MOD(BQ10+BR10+BS10+BR9+1,2) -> 1 | BS11: =MOD(BR10+BS10+BT10+BS9+1,2) -> 0 | BT11: =MOD(BS10+BT10+BU10+BT9+1,2) -> 1 | BU11: =MOD(BT10+BU10+BV10+BU9+1,2) -> 0 | BV11: =MOD(BU10+BV10+BW10+BV9+1,2) -> 1 | BW11: =MOD(BV10+BW10+BX10+BW9+1,2) -> 0 | BX11: =MOD(BW10+BX10+BY10+BX9+1,2) -> 1 | BY11: =MOD(BX10+BY10+BZ10+BY9+1,2) -> 0
C12: =MOD(A11+B11+C11+A10+'Y(递推)'!A11+'Y(递推)'!B11+'Y(递推)'!C11+'Y(递推)'!A10+'Y(递推)'!B10+1,2) -> 0 | D12: =MOD(B11+C11+D11+B10+'Y(递推)'!B11+'Y(递推)'!C11+'Y(递推)'!D11+'Y(递推)'!B10+'Y(递推)'!C10+1,2) -> 1 | E12: =MOD(C11+D11+E11+C10+'Y(递推)'!C11+'Y(递推)'!D11+'Y(递推)'!E11+'Y(递推)'!C10+'Y(递推)'!D10+1,2) -> 1 | F12: =MOD(D11+E11+F11+D10+'Y(递推)'!D11+'Y(递推)'!E11+'Y(递推)'!F11+'Y(递推)'!D10+'Y(递推)'!E10+1,2) -> 1 | G12: =MOD(E11+F11+G11+E10+'Y(递推)'!E11+'Y(递推)'!F11+'Y(递推)'!G11+'Y(递推)'!E10+'Y(递推)'!F10+1,2) -> 0 | H12: =MOD(F11+G11+H11+F10+'Y(递推)'!F11+'Y(递推)'!G11+'Y(递推)'!H11+'Y(递推)'!F10+'Y(递推)'!G10+1,2) -> 0 | I12: =MOD(G11+H11+I11+G10+'Y(递推)'!G11+'Y(递推)'!H11+'Y(递推)'!I11+'Y(递推)'!G10+'Y(递推)'!H10+1,2) -> 1 | J12: =MOD(H11+I11+J11+H10+'Y(递推)'!H11+'Y(递推)'!I11+'Y(递推)'!J11+'Y(递推)'!H10+'Y(递推)'!I10+1,2) -> 1 | ... L12: =MOD(J11+K11+L11+J10+'Y(递推)'!J11+'Y(递推)'!K11+'Y(递推)'!L11+'Y(递推)'!J10+'Y(递推)'!K10+1,2) -> 0 | BQ12: =MOD(BP11+BQ11+BR11+BQ10+1,2) -> 0 | BR12: =MOD(BQ11+BR11+BS11+BR10+1,2) -> 0 | BS12: =MOD(BR11+BS11+BT11+BS10+1,2) -> 0 | BT12: =MOD(BS11+BT11+BU11+BT10+1,2) -> 0 | BU12: =MOD(BT11+BU11+BV11+BU10+1,2) -> 0 | BV12: =MOD(BU11+BV11+BW11+BV10+1,2) -> 0 | BW12: =MOD(BV11+BW11+BX11+BW10+1,2) -> 0 | BX12: =MOD(BW11+BX11+BY11+BX10+1,2) -> 0 | BY12: =MOD(BX11+BY11+BZ11+BY10+1,2) -> 0
C13: =MOD(A12+B12+C12+A11+'Y(递推)'!A12+'Y(递推)'!B12+'Y(递推)'!C12+'Y(递推)'!A11+'Y(递推)'!B11+1,2) -> 1 | D13: =MOD(B12+C12+D12+B11+'Y(递推)'!B12+'Y(递推)'!C12+'Y(递推)'!D12+'Y(递推)'!B11+'Y(递推)'!C11+1,2) -> 0 | E13: =MOD(C12+D12+E12+C11+'Y(递推)'!C12+'Y(递推)'!D12+'Y(递推)'!E12+'Y(递推)'!C11+'Y(递推)'!D11+1,2) -> 1 | F13: =MOD(D12+E12+F12+D11+'Y(递推)'!D12+'Y(递推)'!E12+'Y(递推)'!F12+'Y(递推)'!D11+'Y(递推)'!E11+1,2) -> 1 | G13: =MOD(E12+F12+G12+E11+'Y(递推)'!E12+'Y(递推)'!F12+'Y(递推)'!G12+'Y(递推)'!E11+'Y(递推)'!F11+1,2) -> 0 | H13: =MOD(F12+G12+H12+F11+'Y(递推)'!F12+'Y(递推)'!G12+'Y(递推)'!H12+'Y(递推)'!F11+'Y(递推)'!G11+1,2) -> 0 | I13: =MOD(G12+H12+I12+G11+'Y(递推)'!G12+'Y(递推)'!H12+'Y(递推)'!I12+'Y(递推)'!G11+'Y(递推)'!H11+1,2) -> 0 | J13: =MOD(H12+I12+J12+H11+'Y(递推)'!H12+'Y(递推)'!I12+'Y(递推)'!J12+'Y(递推)'!H11+'Y(递推)'!I11+1,2) -> 1 | ... M13: =MOD(K12+L12+M12+K11+'Y(递推)'!K12+'Y(递推)'!L12+'Y(递推)'!M12+'Y(递推)'!K11+'Y(递推)'!L11+1,2) -> 1
C14: =MOD(A13+B13+C13+A12+'Y(递推)'!A13+'Y(递推)'!B13+'Y(递推)'!C13+'Y(递推)'!A12+'Y(递推)'!B12+1,2) -> 1 | D14: =MOD(B13+C13+D13+B12+'Y(递推)'!B13+'Y(递推)'!C13+'Y(递推)'!D13+'Y(递推)'!B12+'Y(递推)'!C12+1,2) -> 0 | E14: =MOD(C13+D13+E13+C12+'Y(递推)'!C13+'Y(递推)'!D13+'Y(递推)'!E13+'Y(递推)'!C12+'Y(递推)'!D12+1,2) -> 0 | F14: =MOD(D13+E13+F13+D12+'Y(递推)'!D13+'Y(递推)'!E13+'Y(递推)'!F13+'Y(递推)'!D12+'Y(递推)'!E12+1,2) -> 0 | G14: =MOD(E13+F13+G13+E12+'Y(递推)'!E13+'Y(递推)'!F13+'Y(递推)'!G13+'Y(递推)'!E12+'Y(递推)'!F12+1,2) -> 0 | H14: =MOD(F13+G13+H13+F12+'Y(递推)'!F13+'Y(递推)'!G13+'Y(递推)'!H13+'Y(递推)'!F12+'Y(递推)'!G12+1,2) -> 1 | I14: =MOD(G13+H13+I13+G12+'Y(递推)'!G13+'Y(递推)'!H13+'Y(递推)'!I13+'Y(递推)'!G12+'Y(递推)'!H12+1,2) -> 1 | J14: =MOD(H13+I13+J13+H12+'Y(递推)'!H13+'Y(递推)'!I13+'Y(递推)'!J13+'Y(递推)'!H12+'Y(递推)'!I12+1,2) -> 0 | ... N14: =MOD(L13+M13+N13+L12+'Y(递推)'!L13+'Y(递推)'!M13+'Y(递推)'!N13+'Y(递推)'!L12+'Y(递推)'!M12+1,2) -> 1 | AS14: =MOD(AS4-AL4,2) -> 1 | AT14: =MOD(AT4-AM4,2) -> 0 | AU14: =MOD(AU4-AN4,2) -> 0 | AV14: =MOD(AV4-AO4,2) -> 0 | AW14: =MOD(AW4-AP4,2) -> 0 | AX14: =MOD(AX4-AQ4,2) -> 0
C15: =MOD(A14+B14+C14+A13+'Y(递推)'!A14+'Y(递推)'!B14+'Y(递推)'!C14+'Y(递推)'!A13+'Y(递推)'!B13+1,2) -> 0 | D15: =MOD(B14+C14+D14+B13+'Y(递推)'!B14+'Y(递推)'!C14+'Y(递推)'!D14+'Y(递推)'!B13+'Y(递推)'!C13+1,2) -> 1 | E15: =MOD(C14+D14+E14+C13+'Y(递推)'!C14+'Y(递推)'!D14+'Y(递推)'!E14+'Y(递推)'!C13+'Y(递推)'!D13+1,2) -> 0 | F15: =MOD(D14+E14+F14+D13+'Y(递推)'!D14+'Y(递推)'!E14+'Y(递推)'!F14+'Y(递推)'!D13+'Y(递推)'!E13+1,2) -> 1 | G15: =MOD(E14+F14+G14+E13+'Y(递推)'!E14+'Y(递推)'!F14+'Y(递推)'!G14+'Y(递推)'!E13+'Y(递推)'!F13+1,2) -> 1 | H15: =MOD(F14+G14+H14+F13+'Y(递推)'!F14+'Y(递推)'!G14+'Y(递推)'!H14+'Y(递推)'!F13+'Y(递推)'!G13+1,2) -> 1 | I15: =MOD(G14+H14+I14+G13+'Y(递推)'!G14+'Y(递推)'!H14+'Y(递推)'!I14+'Y(递推)'!G13+'Y(递推)'!H13+1,2) -> 1 | J15: =MOD(H14+I14+J14+H13+'Y(递推)'!H14+'Y(递推)'!I14+'Y(递推)'!J14+'Y(递推)'!H13+'Y(递推)'!I13+1,2) -> 1 | ... O15: =MOD(M14+N14+O14+M13+'Y(递推)'!M14+'Y(递推)'!N14+'Y(递推)'!O14+'Y(递推)'!M13+'Y(递推)'!N13+1,2) -> 0 | AS15: =MOD(AS5-AL5,2) -> 1 | AT15: =MOD(AT5-AM5,2) -> 1 | AU15: =MOD(AU5-AN5,2) -> 0 | AV15: =MOD(AV5-AO5,2) -> 0 | AW15: =MOD(AW5-AP5,2) -> 0 | AX15: =MOD(AX5-AQ5,2) -> 0
C16: =MOD(A15+B15+C15+A14+'Y(递推)'!A15+'Y(递推)'!B15+'Y(递推)'!C15+'Y(递推)'!A14+'Y(递推)'!B14+1,2) -> 0 | D16: =MOD(B15+C15+D15+B14+'Y(递推)'!B15+'Y(递推)'!C15+'Y(递推)'!D15+'Y(递推)'!B14+'Y(递推)'!C14+1,2) -> 0 | E16: =MOD(C15+D15+E15+C14+'Y(递推)'!C15+'Y(递推)'!D15+'Y(递推)'!E15+'Y(递推)'!C14+'Y(递推)'!D14+1,2) -> 0 | F16: =MOD(D15+E15+F15+D14+'Y(递推)'!D15+'Y(递推)'!E15+'Y(递推)'!F15+'Y(递推)'!D14+'Y(递推)'!E14+1,2) -> 1 | G16: =MOD(E15+F15+G15+E14+'Y(递推)'!E15+'Y(递推)'!F15+'Y(递推)'!G15+'Y(递推)'!E14+'Y(递推)'!F14+1,2) -> 0 | H16: =MOD(F15+G15+H15+F14+'Y(递推)'!F15+'Y(递推)'!G15+'Y(递推)'!H15+'Y(递推)'!F14+'Y(递推)'!G14+1,2) -> 1 | I16: =MOD(G15+H15+I15+G14+'Y(递推)'!G15+'Y(递推)'!H15+'Y(递推)'!I15+'Y(递推)'!G14+'Y(递推)'!H14+1,2) -> 0 | J16: =MOD(H15+I15+J15+H14+'Y(递推)'!H15+'Y(递推)'!I15+'Y(递推)'!J15+'Y(递推)'!H14+'Y(递推)'!I14+1,2) -> 0 | ... P16: =MOD(N15+O15+P15+N14+'Y(递推)'!N15+'Y(递推)'!O15+'Y(递推)'!P15+'Y(递推)'!N14+'Y(递推)'!O14+1,2) -> 0 | AS16: =MOD(AS6-AL6,2) -> 1 | AT16: =MOD(AT6-AM6,2) -> 0 | AU16: =MOD(AU6-AN6,2) -> 1 | AV16: =MOD(AV6-AO6,2) -> 0 | AW16: =MOD(AW6-AP6,2) -> 0 | AX16: =MOD(AX6-AQ6,2) -> 0
C17: =MOD(A16+B16+C16+A15+'Y(递推)'!A16+'Y(递推)'!B16+'Y(递推)'!C16+'Y(递推)'!A15+'Y(递推)'!B15+1,2) -> 0 | D17: =MOD(B16+C16+D16+B15+'Y(递推)'!B16+'Y(递推)'!C16+'Y(递推)'!D16+'Y(递推)'!B15+'Y(递推)'!C15+1,2) -> 1 | E17: =MOD(C16+D16+E16+C15+'Y(递推)'!C16+'Y(递推)'!D16+'Y(递推)'!E16+'Y(递推)'!C15+'Y(递推)'!D15+1,2) -> 1 | F17: =MOD(D16+E16+F16+D15+'Y(递推)'!D16+'Y(递推)'!E16+'Y(递推)'!F16+'Y(递推)'!D15+'Y(递推)'!E15+1,2) -> 1 | G17: =MOD(E16+F16+G16+E15+'Y(递推)'!E16+'Y(递推)'!F16+'Y(递推)'!G16+'Y(递推)'!E15+'Y(递推)'!F15+1,2) -> 1 | H17: =MOD(F16+G16+H16+F15+'Y(递推)'!F16+'Y(递推)'!G16+'Y(递推)'!H16+'Y(递推)'!F15+'Y(递推)'!G15+1,2) -> 0 | I17: =MOD(G16+H16+I16+G15+'Y(递推)'!G16+'Y(递推)'!H16+'Y(递推)'!I16+'Y(递推)'!G15+'Y(递推)'!H15+1,2) -> 1 | J17: =MOD(H16+I16+J16+H15+'Y(递推)'!H16+'Y(递推)'!I16+'Y(递推)'!J16+'Y(递推)'!H15+'Y(递推)'!I15+1,2) -> 0 | ... Q17: =MOD(O16+P16+Q16+O15+'Y(递推)'!O16+'Y(递推)'!P16+'Y(递推)'!Q16+'Y(递推)'!O15+'Y(递推)'!P15+1,2) -> 0 | AS17: =MOD(AS7-AL7,2) -> 0 | AT17: =MOD(AT7-AM7,2) -> 1 | AU17: =MOD(AU7-AN7,2) -> 1 | AV17: =MOD(AV7-AO7,2) -> 1 | AW17: =MOD(AW7-AP7,2) -> 0 | AX17: =MOD(AX7-AQ7,2) -> 0
C18: =MOD(A17+B17+C17+A16+'Y(递推)'!A17+'Y(递推)'!B17+'Y(递推)'!C17+'Y(递推)'!A16+'Y(递推)'!B16+1,2) -> 1 | D18: =MOD(B17+C17+D17+B16+'Y(递推)'!B17+'Y(递推)'!C17+'Y(递推)'!D17+'Y(递推)'!B16+'Y(递推)'!C16+1,2) -> 1 | E18: =MOD(C17+D17+E17+C16+'Y(递推)'!C17+'Y(递推)'!D17+'Y(递推)'!E17+'Y(递推)'!C16+'Y(递推)'!D16+1,2) -> 0 | F18: =MOD(D17+E17+F17+D16+'Y(递推)'!D17+'Y(递推)'!E17+'Y(递推)'!F17+'Y(递推)'!D16+'Y(递推)'!E16+1,2) -> 1 | G18: =MOD(E17+F17+G17+E16+'Y(递推)'!E17+'Y(递推)'!F17+'Y(递推)'!G17+'Y(递推)'!E16+'Y(递推)'!F16+1,2) -> 0 | H18: =MOD(F17+G17+H17+F16+'Y(递推)'!F17+'Y(递推)'!G17+'Y(递推)'!H17+'Y(递推)'!F16+'Y(递推)'!G16+1,2) -> 0 | I18: =MOD(G17+H17+I17+G16+'Y(递推)'!G17+'Y(递推)'!H17+'Y(递推)'!I17+'Y(递推)'!G16+'Y(递推)'!H16+1,2) -> 0 | J18: =MOD(H17+I17+J17+H16+'Y(递推)'!H17+'Y(递推)'!I17+'Y(递推)'!J17+'Y(递推)'!H16+'Y(递推)'!I16+1,2) -> 1 | ... R18: =MOD(P17+Q17+R17+P16+'Y(递推)'!P17+'Y(递推)'!Q17+'Y(递推)'!R17+'Y(递推)'!P16+'Y(递推)'!Q16+1,2) -> 1 | AS18: =MOD(AS8-AL8,2) -> 1 | AT18: =MOD(AT8-AM8,2) -> 0 | AU18: =MOD(AU8-AN8,2) -> 0 | AV18: =MOD(AV8-AO8,2) -> 0 | AW18: =MOD(AW8-AP8,2) -> 1 | AX18: =MOD(AX8-AQ8,2) -> 0
C19: =MOD(A18+B18+C18+A17+'Y(递推)'!A18+'Y(递推)'!B18+'Y(递推)'!C18+'Y(递推)'!A17+'Y(递推)'!B17+1,2) -> 0 | D19: =MOD(B18+C18+D18+B17+'Y(递推)'!B18+'Y(递推)'!C18+'Y(递推)'!D18+'Y(递推)'!B17+'Y(递推)'!C17+1,2) -> 1 | E19: =MOD(C18+D18+E18+C17+'Y(递推)'!C18+'Y(递推)'!D18+'Y(递推)'!E18+'Y(递推)'!C17+'Y(递推)'!D17+1,2) -> 0 | F19: =MOD(D18+E18+F18+D17+'Y(递推)'!D18+'Y(递推)'!E18+'Y(递推)'!F18+'Y(递推)'!D17+'Y(递推)'!E17+1,2) -> 0 | G19: =MOD(E18+F18+G18+E17+'Y(递推)'!E18+'Y(递推)'!F18+'Y(递推)'!G18+'Y(递推)'!E17+'Y(递推)'!F17+1,2) -> 1 | H19: =MOD(F18+G18+H18+F17+'Y(递推)'!F18+'Y(递推)'!G18+'Y(递推)'!H18+'Y(递推)'!F17+'Y(递推)'!G17+1,2) -> 0 | I19: =MOD(G18+H18+I18+G17+'Y(递推)'!G18+'Y(递推)'!H18+'Y(递推)'!I18+'Y(递推)'!G17+'Y(递推)'!H17+1,2) -> 1 | J19: =MOD(H18+I18+J18+H17+'Y(递推)'!H18+'Y(递推)'!I18+'Y(递推)'!J18+'Y(递推)'!H17+'Y(递推)'!I17+1,2) -> 0 | ... S19: =MOD(Q18+R18+S18+Q17+'Y(递推)'!Q18+'Y(递推)'!R18+'Y(递推)'!S18+'Y(递推)'!Q17+'Y(递推)'!R17+1,2) -> 0 | AS19: =MOD(AS9-AL9,2) -> 1 | AT19: =MOD(AT9-AM9,2) -> 0 | AU19: =MOD(AU9-AN9,2) -> 0 | AV19: =MOD(AV9-AO9,2) -> 0 | AW19: =MOD(AW9-AP9,2) -> 0 | AX19: =MOD(AX9-AQ9,2) -> 1
C20: =MOD(A19+B19+C19+A18+'Y(递推)'!A19+'Y(递推)'!B19+'Y(递推)'!C19+'Y(递推)'!A18+'Y(递推)'!B18+1,2) -> 0 | D20: =MOD(B19+C19+D19+B18+'Y(递推)'!B19+'Y(递推)'!C19+'Y(递推)'!D19+'Y(递推)'!B18+'Y(递推)'!C18+1,2) -> 1 | E20: =MOD(C19+D19+E19+C18+'Y(递推)'!C19+'Y(递推)'!D19+'Y(递推)'!E19+'Y(递推)'!C18+'Y(递推)'!D18+1,2) -> 1 | F20: =MOD(D19+E19+F19+D18+'Y(递推)'!D19+'Y(递推)'!E19+'Y(递推)'!F19+'Y(递推)'!D18+'Y(递推)'!E18+1,2) -> 1 | G20: =MOD(E19+F19+G19+E18+'Y(递推)'!E19+'Y(递推)'!F19+'Y(递推)'!G19+'Y(递推)'!E18+'Y(递推)'!F18+1,2) -> 1 | H20: =MOD(F19+G19+H19+F18+'Y(递推)'!F19+'Y(递推)'!G19+'Y(递推)'!H19+'Y(递推)'!F18+'Y(递推)'!G18+1,2) -> 1 | I20: =MOD(G19+H19+I19+G18+'Y(递推)'!G19+'Y(递推)'!H19+'Y(递推)'!I19+'Y(递推)'!G18+'Y(递推)'!H18+1,2) -> 0 | J20: =MOD(H19+I19+J19+H18+'Y(递推)'!H19+'Y(递推)'!I19+'Y(递推)'!J19+'Y(递推)'!H18+'Y(递推)'!I18+1,2) -> 1 | ... T20: =MOD(R19+S19+T19+R18+'Y(递推)'!R19+'Y(递推)'!S19+'Y(递推)'!T19+'Y(递推)'!R18+'Y(递推)'!S18+1,2) -> 0
C21: =MOD(A20+B20+C20+A19+'Y(递推)'!A20+'Y(递推)'!B20+'Y(递推)'!C20+'Y(递推)'!A19+'Y(递推)'!B19+1,2) -> 1 | D21: =MOD(B20+C20+D20+B19+'Y(递推)'!B20+'Y(递推)'!C20+'Y(递推)'!D20+'Y(递推)'!B19+'Y(递推)'!C19+1,2) -> 1 | E21: =MOD(C20+D20+E20+C19+'Y(递推)'!C20+'Y(递推)'!D20+'Y(递推)'!E20+'Y(递推)'!C19+'Y(递推)'!D19+1,2) -> 1 | F21: =MOD(D20+E20+F20+D19+'Y(递推)'!D20+'Y(递推)'!E20+'Y(递推)'!F20+'Y(递推)'!D19+'Y(递推)'!E19+1,2) -> 0 | G21: =MOD(E20+F20+G20+E19+'Y(递推)'!E20+'Y(递推)'!F20+'Y(递推)'!G20+'Y(递推)'!E19+'Y(递推)'!F19+1,2) -> 1 | H21: =MOD(F20+G20+H20+F19+'Y(递推)'!F20+'Y(递推)'!G20+'Y(递推)'!H20+'Y(递推)'!F19+'Y(递推)'!G19+1,2) -> 1 | I21: =MOD(G20+H20+I20+G19+'Y(递推)'!G20+'Y(递推)'!H20+'Y(递推)'!I20+'Y(递推)'!G19+'Y(递推)'!H19+1,2) -> 1 | J21: =MOD(H20+I20+J20+H19+'Y(递推)'!H20+'Y(递推)'!I20+'Y(递推)'!J20+'Y(递推)'!H19+'Y(递推)'!I19+1,2) -> 0 | ... U21: =MOD(S20+T20+U20+S19+'Y(递推)'!S20+'Y(递推)'!T20+'Y(递推)'!U20+'Y(递推)'!S19+'Y(递推)'!T19+1,2) -> 1
C22: =MOD(A21+B21+C21+A20+'Y(递推)'!A21+'Y(递推)'!B21+'Y(递推)'!C21+'Y(递推)'!A20+'Y(递推)'!B20+1,2) -> 0 | D22: =MOD(B21+C21+D21+B20+'Y(递推)'!B21+'Y(递推)'!C21+'Y(递推)'!D21+'Y(递推)'!B20+'Y(递推)'!C20+1,2) -> 1 | E22: =MOD(C21+D21+E21+C20+'Y(递推)'!C21+'Y(递推)'!D21+'Y(递推)'!E21+'Y(递推)'!C20+'Y(递推)'!D20+1,2) -> 0 | F22: =MOD(D21+E21+F21+D20+'Y(递推)'!D21+'Y(递推)'!E21+'Y(递推)'!F21+'Y(递推)'!D20+'Y(递推)'!E20+1,2) -> 0 | G22: =MOD(E21+F21+G21+E20+'Y(递推)'!E21+'Y(递推)'!F21+'Y(递推)'!G21+'Y(递推)'!E20+'Y(递推)'!F20+1,2) -> 0 | H22: =MOD(F21+G21+H21+F20+'Y(递推)'!F21+'Y(递推)'!G21+'Y(递推)'!H21+'Y(递推)'!F20+'Y(递推)'!G20+1,2) -> 1 | I22: =MOD(G21+H21+I21+G20+'Y(递推)'!G21+'Y(递推)'!H21+'Y(递推)'!I21+'Y(递推)'!G20+'Y(递推)'!H20+1,2) -> 1 | J22: =MOD(H21+I21+J21+H20+'Y(递推)'!H21+'Y(递推)'!I21+'Y(递推)'!J21+'Y(递推)'!H20+'Y(递推)'!I20+1,2) -> 0 | ... V22: =MOD(T21+U21+V21+T20+'Y(递推)'!T21+'Y(递推)'!U21+'Y(递推)'!V21+'Y(递推)'!T20+'Y(递推)'!U20+1,2) -> 0

Sheet Y(递推)
A1: n-1
B3: ='Y(灯)'!C3 -> 1 | C3: =MOD(B2+C2+D2+C1,2) -> 0 | D3: =MOD(C2+D2+E2+D1,2) -> 0 | E3: =MOD(D2+E2+F2+E1,2) -> 0 | F3: =MOD(E2+F2+G2+F1,2) -> 0 | G3: =MOD(F2+G2+H2+G1,2) -> 0 | H3: =MOD(G2+H2+I2+H1,2) -> 0 | I3: =MOD(H2+I2+J2+I1,2) -> 0 | J3: =MOD(I2+J2+K2+J1,2) -> 0 | ... U3: =MOD(T2+U2+V2+U1,2) -> 0
B4: ='Y(灯)'!C4 -> 1 | C4: =MOD(B3+C3+D3+C2,2) -> 1 | D4: =MOD(C3+D3+E3+D2,2) -> 0 | E4: =MOD(D3+E3+F3+E2,2) -> 0 | F4: =MOD(E3+F3+G3+F2,2) -> 0 | G4: =MOD(F3+G3+H3+G2,2) -> 0 | H4: =MOD(G3+H3+I3+H2,2) -> 0 | I4: =MOD(H3+I3+J3+I2,2) -> 0 | J4: =MOD(I3+J3+K3+J2,2) -> 0 | ... U4: =MOD(T3+U3+V3+U2,2) -> 0
B5: ='Y(灯)'!C5 -> 1 | C5: =MOD(B4+C4+D4+C3,2) -> 0 | D5: =MOD(C4+D4+E4+D3,2) -> 1 | E5: =MOD(D4+E4+F4+E3,2) -> 0 | F5: =MOD(E4+F4+G4+F3,2) -> 0 | G5: =MOD(F4+G4+H4+G3,2) -> 0 | H5: =MOD(G4+H4+I4+H3,2) -> 0 | I5: =MOD(H4+I4+J4+I3,2) -> 0 | J5: =MOD(I4+J4+K4+J3,2) -> 0 | ... U5: =MOD(T4+U4+V4+U3,2) -> 0
B6: ='Y(灯)'!C6 -> 0 | C6: =MOD(B5+C5+D5+C4,2) -> 1 | D6: =MOD(C5+D5+E5+D4,2) -> 1 | E6: =MOD(D5+E5+F5+E4,2) -> 1 | F6: =MOD(E5+F5+G5+F4,2) -> 0 | G6: =MOD(F5+G5+H5+G4,2) -> 0 | H6: =MOD(G5+H5+I5+H4,2) -> 0 | I6: =MOD(H5+I5+J5+I4,2) -> 0 | J6: =MOD(I5+J5+K5+J4,2) -> 0 | ... U6: =MOD(T5+U5+V5+U4,2) -> 0
B7: ='Y(灯)'!C7 -> 1 | C7: =MOD(B6+C6+D6+C5,2) -> 0 | D7: =MOD(C6+D6+E6+D5,2) -> 0 | E7: =MOD(D6+E6+F6+E5,2) -> 0 | F7: =MOD(E6+F6+G6+F5,2) -> 1 | G7: =MOD(F6+G6+H6+G5,2) -> 0 | H7: =MOD(G6+H6+I6+H5,2) -> 0 | I7: =MOD(H6+I6+J6+I5,2) -> 0 | J7: =MOD(I6+J6+K6+J5,2) -> 0 | ... U7: =MOD(T6+U6+V6+U5,2) -> 0
B8: ='Y(灯)'!C8 -> 1 | C8: =MOD(B7+C7+D7+C6,2) -> 0 | D8: =MOD(C7+D7+E7+D6,2) -> 1 | E8: =MOD(D7+E7+F7+E6,2) -> 0 | F8: =MOD(E7+F7+G7+F6,2) -> 1 | G8: =MOD(F7+G7+H7+G6,2) -> 1 | H8: =MOD(G7+H7+I7+H6,2) -> 0 | I8: =MOD(H7+I7+J7+I6,2) -> 0 | J8: =MOD(I7+J7+K7+J6,2) -> 0 | ... U8: =MOD(T7+U7+V7+U6,2) -> 0
B9: ='Y(灯)'!C9 -> 0 | C9: =MOD(B8+C8+D8+C7,2) -> 0 | D9: =MOD(C8+D8+E8+D7,2) -> 1 | E9: =MOD(D8+E8+F8+E7,2) -> 0 | F9: =MOD(E8+F8+G8+F7,2) -> 1 | G9: =MOD(F8+G8+H8+G7,2) -> 0 | H9: =MOD(G8+H8+I8+H7,2) -> 1 | I9: =MOD(H8+I8+J8+I7,2) -> 0 | J9: =MOD(I8+J8+K8+J7,2) -> 0 | ... U9: =MOD(T8+U8+V8+U7,2) -> 0
B10: ='Y(灯)'!C10 -> 0 | C10: =MOD(B9+C9+D9+C8,2) -> 1 | D10: =MOD(C9+D9+E9+D8,2) -> 0 | E10: =MOD(D9+E9+F9+E8,2) -> 0 | F10: =MOD(E9+F9+G9+F8,2) -> 0 | G10: =MOD(F9+G9+H9+G8,2) -> 1 | H10: =MOD(G9+H9+I9+H8,2) -> 1 | I10: =MOD(H9+I9+J9+I8,2) -> 1 | J10: =MOD(I9+J9+K9+J8,2) -> 0 | ... U10: =MOD(T9+U9+V9+U8,2) -> 0
B11: ='Y(灯)'!C11 -> 0 | C11: =MOD(B10+C10+D10+C9,2) -> 1 | D11: =MOD(C10+D10+E10+D9,2) -> 0 | E11: =MOD(D10+E10+F10+E9,2) -> 0 | F11: =MOD(E10+F10+G10+F9,2) -> 0 | G11: =MOD(F10+G10+H10+G9,2) -> 0 | H11: =MOD(G10+H10+I10+H9,2) -> 0 | I11: =MOD(H10+I10+J10+I9,2) -> 0 | J11: =MOD(I10+J10+K10+J9,2) -> 1 | ... U11: =MOD(T10+U10+V10+U9,2) -> 0
B12: ='Y(灯)'!C12 -> 0 | C12: =MOD(B11+C11+D11+C10,2) -> 0 | D12: =MOD(C11+D11+E11+D10,2) -> 1 | E12: =MOD(D11+E11+F11+E10,2) -> 0 | F12: =MOD(E11+F11+G11+F10,2) -> 0 | G12: =MOD(F11+G11+H11+G10,2) -> 1 | H12: =MOD(G11+H11+I11+H10,2) -> 1 | I12: =MOD(H11+I11+J11+I10,2) -> 0 | J12: =MOD(I11+J11+K11+J10,2) -> 1 | ... U12: =MOD(T11+U11+V11+U10,2) -> 0
B13: ='Y(灯)'!C13 -> 1 | C13: =MOD(B12+C12+D12+C11,2) -> 0 | D13: =MOD(C12+D12+E12+D11,2) -> 1 | E13: =MOD(D12+E12+F12+E11,2) -> 1 | F13: =MOD(E12+F12+G12+F11,2) -> 1 | G13: =MOD(F12+G12+H12+G11,2) -> 0 | H13: =MOD(G12+H12+I12+H11,2) -> 0 | I13: =MOD(H12+I12+J12+I11,2) -> 0 | J13: =MOD(I12+J12+K12+J11,2) -> 1 | ... U13: =MOD(T12+U12+V12+U11,2) -> 0
B14: ='Y(灯)'!C14 -> 1 | C14: =MOD(B13+C13+D13+C12,2) -> 0 | D14: =MOD(C13+D13+E13+D12,2) -> 1 | E14: =MOD(D13+E13+F13+E12,2) -> 1 | F14: =MOD(E13+F13+G13+F12,2) -> 0 | G14: =MOD(F13+G13+H13+G12,2) -> 0 | H14: =MOD(G13+H13+I13+H12,2) -> 1 | I14: =MOD(H13+I13+J13+I12,2) -> 1 | J14: =MOD(I13+J13+K13+J12,2) -> 0 | ... U14: =MOD(T13+U13+V13+U12,2) -> 0
... B22: ='Y(灯)'!C22 -> 0 | C22: =MOD(B21+C21+D21+C20,2) -> 0 | D22: =MOD(C21+D21+E21+D20,2) -> 0 | E22: =MOD(D21+E21+F21+E20,2) -> 1 | F22: =MOD(E21+F21+G21+F20,2) -> 0 | G22: =MOD(F21+G21+H21+G20,2) -> 0 | H22: =MOD(G21+H21+I21+H20,2) -> 1 | I22: =MOD(H21+I21+J21+I20,2) -> 1 | J22: =MOD(I21+J21+K21+J20,2) -> 1 | ... U22: =MOD(T21+U21+V21+U20,2) -> 1

Sheet Y1
A1: n-1
B3: =MOD('Y(灯)'!B2+'Y(递推)'!B2,2) -> 0 | C3: =MOD('Y(灯)'!C2+'Y(递推)'!C2,2) -> 0 | D3: =MOD('Y(灯)'!D2+'Y(递推)'!D2,2) -> 0 | E3: =MOD('Y(灯)'!E2+'Y(递推)'!E2,2) -> 0 | F3: =MOD('Y(灯)'!F2+'Y(递推)'!F2,2) -> 0 | G3: =MOD('Y(灯)'!G2+'Y(递推)'!G2,2) -> 0 | H3: =MOD('Y(灯)'!H2+'Y(递推)'!H2,2) -> 0 | I3: =MOD('Y(灯)'!I2+'Y(递推)'!I2,2) -> 0 | ... U3: =MOD('Y(灯)'!U2+'Y(递推)'!U2,2) -> 0
B4: =MOD('Y(灯)'!B3+'Y(递推)'!B3,2) -> 1 | C4: =MOD('Y(灯)'!C3+'Y(递推)'!C3,2) -> 1 | D4: =MOD('Y(灯)'!D3+'Y(递推)'!D3,2) -> 0 | E4: =MOD('Y(灯)'!E3+'Y(递推)'!E3,2) -> 0 | F4: =MOD('Y(灯)'!F3+'Y(递推)'!F3,2) -> 0 | G4: =MOD('Y(灯)'!G3+'Y(递推)'!G3,2) -> 0 | H4: =MOD('Y(灯)'!H3+'Y(递推)'!H3,2) -> 0 | I4: =MOD('Y(灯)'!I3+'Y(递推)'!I3,2) -> 0 | ... U4: =MOD('Y(灯)'!U3+'Y(递推)'!U3,2) -> 0
B5: =MOD('Y(灯)'!B4+'Y(递推)'!B4,2) -> 1 | C5: =MOD('Y(灯)'!C4+'Y(递推)'!C4,2) -> 0 | D5: =MOD('Y(灯)'!D4+'Y(递推)'!D4,2) -> 1 | E5: =MOD('Y(灯)'!E4+'Y(递推)'!E4,2) -> 0 | F5: =MOD('Y(灯)'!F4+'Y(递推)'!F4,2) -> 0 | G5: =MOD('Y(灯)'!G4+'Y(递推)'!G4,2) -> 0 | H5: =MOD('Y(灯)'!H4+'Y(递推)'!H4,2) -> 0 | I5: =MOD('Y(灯)'!I4+'Y(递推)'!I4,2) -> 0 | ... U5: =MOD('Y(灯)'!U4+'Y(递推)'!U4,2) -> 0
B6: =MOD('Y(灯)'!B5+'Y(递推)'!B5,2) -> 1 | C6: =MOD('Y(灯)'!C5+'Y(递推)'!C5,2) -> 1 | D6: =MOD('Y(灯)'!D5+'Y(递推)'!D5,2) -> 1 | E6: =MOD('Y(灯)'!E5+'Y(递推)'!E5,2) -> 1 | F6: =MOD('Y(灯)'!F5+'Y(递推)'!F5,2) -> 0 | G6: =MOD('Y(灯)'!G5+'Y(递推)'!G5,2) -> 0 | H6: =MOD('Y(灯)'!H5+'Y(递推)'!H5,2) -> 0 | I6: =MOD('Y(灯)'!I5+'Y(递推)'!I5,2) -> 0 | ... U6: =MOD('Y(灯)'!U5+'Y(递推)'!U5,2) -> 0
B7: =MOD('Y(灯)'!B6+'Y(递推)'!B6,2) -> 0 | C7: =MOD('Y(灯)'!C6+'Y(递推)'!C6,2) -> 1 | D7: =MOD('Y(灯)'!D6+'Y(递推)'!D6,2) -> 1 | E7: =MOD('Y(灯)'!E6+'Y(递推)'!E6,2) -> 1 | F7: =MOD('Y(灯)'!F6+'Y(递推)'!F6,2) -> 0 | G7: =MOD('Y(灯)'!G6+'Y(递推)'!G6,2) -> 0 | H7: =MOD('Y(灯)'!H6+'Y(递推)'!H6,2) -> 0 | I7: =MOD('Y(灯)'!I6+'Y(递推)'!I6,2) -> 0 | ... U7: =MOD('Y(灯)'!U6+'Y(递推)'!U6,2) -> 0
B8: =MOD('Y(灯)'!B7+'Y(递推)'!B7,2) -> 1 | C8: =MOD('Y(灯)'!C7+'Y(递推)'!C7,2) -> 1 | D8: =MOD('Y(灯)'!D7+'Y(递推)'!D7,2) -> 0 | E8: =MOD('Y(灯)'!E7+'Y(递推)'!E7,2) -> 0 | F8: =MOD('Y(灯)'!F7+'Y(递推)'!F7,2) -> 1 | G8: =MOD('Y(灯)'!G7+'Y(递推)'!G7,2) -> 1 | H8: =MOD('Y(灯)'!H7+'Y(递推)'!H7,2) -> 0 | I8: =MOD('Y(灯)'!I7+'Y(递推)'!I7,2) -> 0 | ... U8: =MOD('Y(灯)'!U7+'Y(递推)'!U7,2) -> 0
B9: =MOD('Y(灯)'!B8+'Y(递推)'!B8,2) -> 1 | C9: =MOD('Y(灯)'!C8+'Y(递推)'!C8,2) -> 1 | D9: =MOD('Y(灯)'!D8+'Y(递推)'!D8,2) -> 1 | E9: =MOD('Y(灯)'!E8+'Y(递推)'!E8,2) -> 0 | F9: =MOD('Y(灯)'!F8+'Y(递推)'!F8,2) -> 1 | G9: =MOD('Y(灯)'!G8+'Y(递推)'!G8,2) -> 1 | H9: =MOD('Y(灯)'!H8+'Y(递推)'!H8,2) -> 1 | I9: =MOD('Y(灯)'!I8+'Y(递推)'!I8,2) -> 0 | ... U9: =MOD('Y(灯)'!U8+'Y(递推)'!U8,2) -> 0
B10: =MOD('Y(灯)'!B9+'Y(递推)'!B9,2) -> 0 | C10: =MOD('Y(灯)'!C9+'Y(递推)'!C9,2) -> 0 | D10: =MOD('Y(灯)'!D9+'Y(递推)'!D9,2) -> 0 | E10: =MOD('Y(灯)'!E9+'Y(递推)'!E9,2) -> 0 | F10: =MOD('Y(灯)'!F9+'Y(递推)'!F9,2) -> 0 | G10: =MOD('Y(灯)'!G9+'Y(递推)'!G9,2) -> 0 | H10: =MOD('Y(灯)'!H9+'Y(递推)'!H9,2) -> 0 | I10: =MOD('Y(灯)'!I9+'Y(递推)'!I9,2) -> 0 | ... U10: =MOD('Y(灯)'!U9+'Y(递推)'!U9,2) -> 0
B11: =MOD('Y(灯)'!B10+'Y(递推)'!B10,2) -> 0 | C11: =MOD('Y(灯)'!C10+'Y(递推)'!C10,2) -> 1 | D11: =MOD('Y(灯)'!D10+'Y(递推)'!D10,2) -> 0 | E11: =MOD('Y(灯)'!E10+'Y(递推)'!E10,2) -> 1 | F11: =MOD('Y(灯)'!F10+'Y(递推)'!F10,2) -> 0 | G11: =MOD('Y(灯)'!G10+'Y(递推)'!G10,2) -> 1 | H11: =MOD('Y(灯)'!H10+'Y(递推)'!H10,2) -> 0 | I11: =MOD('Y(灯)'!I10+'Y(递推)'!I10,2) -> 1 | ... U11: =MOD('Y(灯)'!U10+'Y(递推)'!U10,2) -> 0
B12: =MOD('Y(灯)'!B11+'Y(递推)'!B11,2) -> 0 | C12: =MOD('Y(灯)'!C11+'Y(递推)'!C11,2) -> 1 | D12: =MOD('Y(灯)'!D11+'Y(递推)'!D11,2) -> 0 | E12: =MOD('Y(灯)'!E11+'Y(递推)'!E11,2) -> 0 | F12: =MOD('Y(灯)'!F11+'Y(递推)'!F11,2) -> 0 | G12: =MOD('Y(灯)'!G11+'Y(递推)'!G11,2) -> 0 | H12: =MOD('Y(灯)'!H11+'Y(递推)'!H11,2) -> 0 | I12: =MOD('Y(灯)'!I11+'Y(递推)'!I11,2) -> 0 | ... U12: =MOD('Y(灯)'!U11+'Y(递推)'!U11,2) -> 0
B13: =MOD('Y(灯)'!B12+'Y(递推)'!B12,2) -> 0 | C13: =MOD('Y(灯)'!C12+'Y(递推)'!C12,2) -> 0 | D13: =MOD('Y(灯)'!D12+'Y(递推)'!D12,2) -> 0 | E13: =MOD('Y(灯)'!E12+'Y(递推)'!E12,2) -> 1 | F13: =MOD('Y(灯)'!F12+'Y(递推)'!F12,2) -> 1 | G13: =MOD('Y(灯)'!G12+'Y(递推)'!G12,2) -> 1 | H13: =MOD('Y(灯)'!H12+'Y(递推)'!H12,2) -> 1 | I13: =MOD('Y(灯)'!I12+'Y(递推)'!I12,2) -> 1 | ... U13: =MOD('Y(灯)'!U12+'Y(递推)'!U12,2) -> 0
B14: =MOD('Y(灯)'!B13+'Y(递推)'!B13,2) -> 1 | C14: =MOD('Y(灯)'!C13+'Y(递推)'!C13,2) -> 1 | D14: =MOD('Y(灯)'!D13+'Y(递推)'!D13,2) -> 1 | E14: =MOD('Y(灯)'!E13+'Y(递推)'!E13,2) -> 0 | F14: =MOD('Y(灯)'!F13+'Y(递推)'!F13,2) -> 0 | G14: =MOD('Y(灯)'!G13+'Y(递推)'!G13,2) -> 0 | H14: =MOD('Y(灯)'!H13+'Y(递推)'!H13,2) -> 0 | I14: =MOD('Y(灯)'!I13+'Y(递推)'!I13,2) -> 0 | ... U14: =MOD('Y(灯)'!U13+'Y(递推)'!U13,2) -> 0
... B22: =MOD('Y(灯)'!B21+'Y(递推)'!B21,2) -> 1 | C22: =MOD('Y(灯)'!C21+'Y(递推)'!C21,2) -> 0 | D22: =MOD('Y(灯)'!D21+'Y(递推)'!D21,2) -> 1 | E22: =MOD('Y(灯)'!E21+'Y(递推)'!E21,2) -> 1 | F22: =MOD('Y(灯)'!F21+'Y(递推)'!F21,2) -> 1 | G22: =MOD('Y(灯)'!G21+'Y(递推)'!G21,2) -> 1 | H22: =MOD('Y(灯)'!H21+'Y(递推)'!H21,2) -> 1 | I22: =MOD('Y(灯)'!I21+'Y(递推)'!I21,2) -> 1 | ... U22: =MOD('Y(灯)'!U21+'Y(递推)'!U21,2) -> 1

Sheet Y2
A1: n-1
B3: =MOD('Y1'!A2+'Y(递推)'!B1,2) -> 0 | C3: =MOD('Y1'!B2+'Y(递推)'!C1,2) -> 0 | D3: =MOD('Y1'!C2+'Y(递推)'!D1,2) -> 0 | E3: =MOD('Y1'!D2+'Y(递推)'!E1,2) -> 0 | F3: =MOD('Y1'!E2+'Y(递推)'!F1,2) -> 0 | G3: =MOD('Y1'!F2+'Y(递推)'!G1,2) -> 0 | H3: =MOD('Y1'!G2+'Y(递推)'!H1,2) -> 0 | I3: =MOD('Y1'!H2+'Y(递推)'!I1,2) -> 0 | ... U3: =MOD('Y1'!T2+'Y(递推)'!U1,2) -> 0
B4: =MOD('Y1'!A3+'Y(递推)'!B2,2) -> 0 | C4: =MOD('Y1'!B3+'Y(递推)'!C2,2) -> 0 | D4: =MOD('Y1'!C3+'Y(递推)'!D2,2) -> 0 | E4: =MOD('Y1'!D3+'Y(递推)'!E2,2) -> 0 | F4: =MOD('Y1'!E3+'Y(递推)'!F2,2) -> 0 | G4: =MOD('Y1'!F3+'Y(递推)'!G2,2) -> 0 | H4: =MOD('Y1'!G3+'Y(递推)'!H2,2) -> 0 | I4: =MOD('Y1'!H3+'Y(递推)'!I2,2) -> 0 | ... U4: =MOD('Y1'!T3+'Y(递推)'!U2,2) -> 0
B5: =MOD('Y1'!A4+'Y(递推)'!B3,2) -> 1 | C5: =MOD('Y1'!B4+'Y(递推)'!C3,2) -> 1 | D5: =MOD('Y1'!C4+'Y(递推)'!D3,2) -> 1 | E5: =MOD('Y1'!D4+'Y(递推)'!E3,2) -> 0 | F5: =MOD('Y1'!E4+'Y(递推)'!F3,2) -> 0 | G5: =MOD('Y1'!F4+'Y(递推)'!G3,2) -> 0 | H5: =MOD('Y1'!G4+'Y(递推)'!H3,2) -> 0 | I5: =MOD('Y1'!H4+'Y(递推)'!I3,2) -> 0 | ... U5: =MOD('Y1'!T4+'Y(递推)'!U3,2) -> 0
B6: =MOD('Y1'!A5+'Y(递推)'!B4,2) -> 1 | C6: =MOD('Y1'!B5+'Y(递推)'!C4,2) -> 0 | D6: =MOD('Y1'!C5+'Y(递推)'!D4,2) -> 0 | E6: =MOD('Y1'!D5+'Y(递推)'!E4,2) -> 1 | F6: =MOD('Y1'!E5+'Y(递推)'!F4,2) -> 0 | G6: =MOD('Y1'!F5+'Y(递推)'!G4,2) -> 0 | H6: =MOD('Y1'!G5+'Y(递推)'!H4,2) -> 0 | I6: =MOD('Y1'!H5+'Y(递推)'!I4,2) -> 0 | ... U6: =MOD('Y1'!T5+'Y(递推)'!U4,2) -> 0
B7: =MOD('Y1'!A6+'Y(递推)'!B5,2) -> 1 | C7: =MOD('Y1'!B6+'Y(递推)'!C5,2) -> 1 | D7: =MOD('Y1'!C6+'Y(递推)'!D5,2) -> 0 | E7: =MOD('Y1'!D6+'Y(递推)'!E5,2) -> 1 | F7: =MOD('Y1'!E6+'Y(递推)'!F5,2) -> 1 | G7: =MOD('Y1'!F6+'Y(递推)'!G5,2) -> 0 | H7: =MOD('Y1'!G6+'Y(递推)'!H5,2) -> 0 | I7: =MOD('Y1'!H6+'Y(递推)'!I5,2) -> 0 | ... U7: =MOD('Y1'!T6+'Y(递推)'!U5,2) -> 0
B8: =MOD('Y1'!A7+'Y(递推)'!B6,2) -> 0 | C8: =MOD('Y1'!B7+'Y(递推)'!C6,2) -> 1 | D8: =MOD('Y1'!C7+'Y(递推)'!D6,2) -> 0 | E8: =MOD('Y1'!D7+'Y(递推)'!E6,2) -> 0 | F8: =MOD('Y1'!E7+'Y(递推)'!F6,2) -> 1 | G8: =MOD('Y1'!F7+'Y(递推)'!G6,2) -> 0 | H8: =MOD('Y1'!G7+'Y(递推)'!H6,2) -> 0 | I8: =MOD('Y1'!H7+'Y(递推)'!I6,2) -> 0 | ... U8: =MOD('Y1'!T7+'Y(递推)'!U6,2) -> 0
B9: =MOD('Y1'!A8+'Y(递推)'!B7,2) -> 1 | C9: =MOD('Y1'!B8+'Y(递推)'!C7,2) -> 1 | D9: =MOD('Y1'!C8+'Y(递推)'!D7,2) -> 1 | E9: =MOD('Y1'!D8+'Y(递推)'!E7,2) -> 0 | F9: =MOD('Y1'!E8+'Y(递推)'!F7,2) -> 1 | G9: =MOD('Y1'!F8+'Y(递推)'!G7,2) -> 1 | H9: =MOD('Y1'!G8+'Y(递推)'!H7,2) -> 1 | I9: =MOD('Y1'!H8+'Y(递推)'!I7,2) -> 0 | ... U9: =MOD('Y1'!T8+'Y(递推)'!U7,2) -> 0
B10: =MOD('Y1'!A9+'Y(递推)'!B8,2) -> 1 | C10: =MOD('Y1'!B9+'Y(递推)'!C8,2) -> 1 | D10: =MOD('Y1'!C9+'Y(递推)'!D8,2) -> 0 | E10: =MOD('Y1'!D9+'Y(递推)'!E8,2) -> 1 | F10: =MOD('Y1'!E9+'Y(递推)'!F8,2) -> 1 | G10: =MOD('Y1'!F9+'Y(递推)'!G8,2) -> 0 | H10: =MOD('Y1'!G9+'Y(递推)'!H8,2) -> 1 | I10: =MOD('Y1'!H9+'Y(递推)'!I8,2) -> 1 | ... U10: =MOD('Y1'!T9+'Y(递推)'!U8,2) -> 0
B11: =MOD('Y1'!A10+'Y(递推)'!B9,2) -> 0 | C11: =MOD('Y1'!B10+'Y(递推)'!C9,2) -> 0 | D11: =MOD('Y1'!C10+'Y(递推)'!D9,2) -> 1 | E11: =MOD('Y1'!D10+'Y(递推)'!E9,2) -> 0 | F11: =MOD('Y1'!E10+'Y(递推)'!F9,2) -> 1 | G11: =MOD('Y1'!F10+'Y(递推)'!G9,2) -> 0 | H11: =MOD('Y1'!G10+'Y(递推)'!H9,2) -> 1 | I11: =MOD('Y1'!H10+'Y(递推)'!I9,2) -> 0 | ... U11: =MOD('Y1'!T10+'Y(递推)'!U9,2) -> 0
B12: =MOD('Y1'!A11+'Y(递推)'!B10,2) -> 0 | C12: =MOD('Y1'!B11+'Y(递推)'!C10,2) -> 1 | D12: =MOD('Y1'!C11+'Y(递推)'!D10,2) -> 1 | E12: =MOD('Y1'!D11+'Y(递推)'!E10,2) -> 0 | F12: =MOD('Y1'!E11+'Y(递推)'!F10,2) -> 1 | G12: =MOD('Y1'!F11+'Y(递推)'!G10,2) -> 1 | H12: =MOD('Y1'!G11+'Y(递推)'!H10,2) -> 0 | I12: =MOD('Y1'!H11+'Y(递推)'!I10,2) -> 1 | ... U12: =MOD('Y1'!T11+'Y(递推)'!U10,2) -> 0
B13: =MOD('Y1'!A12+'Y(递推)'!B11,2) -> 0 | C13: =MOD('Y1'!B12+'Y(递推)'!C11,2) -> 1 | D13: =MOD('Y1'!C12+'Y(递推)'!D11,2) -> 1 | E13: =MOD('Y1'!D12+'Y(递推)'!E11,2) -> 0 | F13: =MOD('Y1'!E12+'Y(递推)'!F11,2) -> 0 | G13: =MOD('Y1'!F12+'Y(递推)'!G11,2) -> 0 | H13: =MOD('Y1'!G12+'Y(递推)'!H11,2) -> 0 | I13: =MOD('Y1'!H12+'Y(递推)'!I11,2) -> 0 | ... U13: =MOD('Y1'!T12+'Y(递推)'!U11,2) -> 0
B14: =MOD('Y1'!A13+'Y(递推)'!B12,2) -> 0 | C14: =MOD('Y1'!B13+'Y(递推)'!C12,2) -> 0 | D14: =MOD('Y1'!C13+'Y(递推)'!D12,2) -> 1 | E14: =MOD('Y1'!D13+'Y(递推)'!E12,2) -> 0 | F14: =MOD('Y1'!E13+'Y(递推)'!F12,2) -> 1 | G14: =MOD('Y1'!F13+'Y(递推)'!G12,2) -> 0 | H14: =MOD('Y1'!G13+'Y(递推)'!H12,2) -> 0 | I14: =MOD('Y1'!H13+'Y(递推)'!I12,2) -> 1 | ... U14: =MOD('Y1'!T13+'Y(递推)'!U12,2) -> 0
... B22: =MOD('Y1'!A21+'Y(递推)'!B20,2) -> 0 | C22: =MOD('Y1'!B21+'Y(递推)'!C20,2) -> 0 | D22: =MOD('Y1'!C21+'Y(递推)'!D20,2) -> 1 | E22: =MOD('Y1'!D21+'Y(递推)'!E20,2) -> 0 | F22: =MOD('Y1'!E21+'Y(递推)'!F20,2) -> 0 | G22: =MOD('Y1'!F21+'Y(递推)'!G20,2) -> 1 | H22: =MOD('Y1'!G21+'Y(递推)'!H20,2) -> 1 | I22: =MOD('Y1'!H21+'Y(递推)'!I20,2) -> 1 | ... U22: =MOD('Y1'!T21+'Y(递推)'!U20,2) -> 0

Sheet K
B2: 1 | C2: =MOD(B1+B3,2) -> 0 | D2: =MOD(C1+C3,2) -> 1 | E2: =MOD(D1+D3,2) -> 0 | F2: =MOD(E1+E3,2) -> 0 | G2: =MOD(F1+F3,2) -> 0 | H2: =MOD(G1+G3,2) -> 1 | I2: =MOD(H1+H3,2) -> 0 | J2: =MOD(I1+I3,2) -> 0 | ... AG2: =MOD(AF1+AF3,2) -> 0
B3: 0 | C3: =MOD(B2+B4,2) -> 1 | D3: =MOD(C2+C4,2) -> 0 | E3: =MOD(D2+D4,2) -> 0 | F3: =MOD(E2+E4,2) -> 0 | G3: =MOD(F2+F4,2) -> 1 | H3: =MOD(G2+G4,2) -> 0 | I3: =MOD(H2+H4,2) -> 0 | J3: =MOD(I2+I4,2) -> 0 | ... AG3: =MOD(AF2+AF4,2) -> 0
B4: 0 | C4: =MOD(B3+B5,2) -> 0 | D4: =MOD(C3+C5,2) -> 1 | E4: =MOD(D3+D5,2) -> 0 | F4: =MOD(E3+E5,2) -> 1 | G4: =MOD(F3+F5,2) -> 0 | H4: =MOD(G3+G5,2) -> 1 | I4: =MOD(H3+H5,2) -> 0 | J4: =MOD(I3+I5,2) -> 0 | ... AG4: =MOD(AF3+AF5,2) -> 0
B5: 0 | C5: =MOD(B4+B6,2) -> 0 | D5: =MOD(C4+C6,2) -> 0 | E5: =MOD(D4+D6,2) -> 1 | F5: =MOD(E4+E6,2) -> 0 | G5: =MOD(F4+F6,2) -> 0 | H5: =MOD(G4+G6,2) -> 0 | I5: =MOD(H4+H6,2) -> 0 | J5: =MOD(I4+I6,2) -> 0 | ... AG5: =MOD(AF4+AF6,2) -> 0
B6: 0 | C6: =MOD(B5+B7,2) -> 0 | D6: =MOD(C5+C7,2) -> 0 | E6: =MOD(D5+D7,2) -> 0 | F6: =MOD(E5+E7,2) -> 1 | G6: =MOD(F5+F7,2) -> 0 | H6: =MOD(G5+G7,2) -> 1 | I6: =MOD(H5+H7,2) -> 0 | J6: =MOD(I5+I7,2) -> 0 | ... AG6: =MOD(AF5+AF7,2) -> 0
B7: 0 | C7: =MOD(B6+B8,2) -> 0 | D7: =MOD(C6+C8,2) -> 0 | E7: =MOD(D6+D8,2) -> 0 | F7: =MOD(E6+E8,2) -> 0 | G7: =MOD(F6+F8,2) -> 1 | H7: =MOD(G6+G8,2) -> 0 | I7: =MOD(H6+H8,2) -> 0 | J7: =MOD(I6+I8,2) -> 0 | ... AG7: =MOD(AF6+AF8,2) -> 0
B8: 0 | C8: =MOD(B7+B9,2) -> 0 | D8: =MOD(C7+C9,2) -> 0 | E8: =MOD(D7+D9,2) -> 0 | F8: =MOD(E7+E9,2) -> 0 | G8: =MOD(F7+F9,2) -> 0 | H8: =MOD(G7+G9,2) -> 1 | I8: =MOD(H7+H9,2) -> 0 | J8: =MOD(I7+I9,2) -> 1 | ... AG8: =MOD(AF7+AF9,2) -> 0
B9: 0 | C9: =MOD(B8+B10,2) -> 0 | D9: =MOD(C8+C10,2) -> 0 | E9: =MOD(D8+D10,2) -> 0 | F9: =MOD(E8+E10,2) -> 0 | G9: =MOD(F8+F10,2) -> 0 | H9: =MOD(G8+G10,2) -> 0 | I9: =MOD(H8+H10,2) -> 1 | J9: =MOD(I8+I10,2) -> 0 | ... AG9: =MOD(AF8+AF10,2) -> 0
B10: 0 | C10: =MOD(B9+B11,2) -> 0 | D10: =MOD(C9+C11,2) -> 0 | E10: =MOD(D9+D11,2) -> 0 | F10: =MOD(E9+E11,2) -> 0 | G10: =MOD(F9+F11,2) -> 0 | H10: =MOD(G9+G11,2) -> 0 | I10: =MOD(H9+H11,2) -> 0 | J10: =MOD(I9+I11,2) -> 1 | ... AG10: =MOD(AF9+AF11,2) -> 0
B11: 0 | C11: =MOD(B10+B12,2) -> 0 | D11: =MOD(C10+C12,2) -> 0 | E11: =MOD(D10+D12,2) -> 0 | F11: =MOD(E10+E12,2) -> 0 | G11: =MOD(F10+F12,2) -> 0 | H11: =MOD(G10+G12,2) -> 0 | I11: =MOD(H10+H12,2) -> 0 | J11: =MOD(I10+I12,2) -> 0 | ... AG11: =MOD(AF10+AF12,2) -> 0
B12: 0 | C12: =MOD(B11+B13,2) -> 0 | D12: =MOD(C11+C13,2) -> 0 | E12: =MOD(D11+D13,2) -> 0 | F12: =MOD(E11+E13,2) -> 0 | G12: =MOD(F11+F13,2) -> 0 | H12: =MOD(G11+G13,2) -> 0 | I12: =MOD(H11+H13,2) -> 0 | J12: =MOD(I11+I13,2) -> 0 | ... AG12: =MOD(AF11+AF13,2) -> 0
B13: 0 | C13: =MOD(B12+B14,2) -> 0 | D13: =MOD(C12+C14,2) -> 0 | E13: =MOD(D12+D14,2) -> 0 | F13: =MOD(E12+E14,2) -> 0 | G13: =MOD(F12+F14,2) -> 0 | H13: =MOD(G12+G14,2) -> 0 | I13: =MOD(H12+H14,2) -> 0 | J13: =MOD(I12+I14,2) -> 0 | ... AG13: =MOD(AF12+AF14,2) -> 0
... B33: 0 | C33: =MOD(B32+B34,2) -> 0 | D33: =MOD(C32+C34,2) -> 0 | E33: =MOD(D32+D34,2) -> 0 | F33: =MOD(E32+E34,2) -> 0 | G33: =MOD(F32+F34,2) -> 0 | H33: =MOD(G32+G34,2) -> 0 | I33: =MOD(H32+H34,2) -> 0 | J33: =MOD(I32+I34,2) -> 0 | ... AG33: =MOD(AF32+AF34,2) -> 1

Sheet K^-1
B2: 1 | C2: =MOD(B1+A2,2) -> 0 | D2: =MOD(C1+B2,2) -> 1 | E2: =MOD(D1+C2,2) -> 0 | F2: =MOD(E1+D2,2) -> 1 | G2: =MOD(F1+E2,2) -> 0 | H2: =MOD(G1+F2,2) -> 1 | I2: =MOD(H1+G2,2) -> 0 | J2: =MOD(I1+H2,2) -> 1 | ... AG2: =MOD(AF1+AE2,2) -> 0
B3: 0 | C3: =MOD(B2+A3,2) -> 1 | D3: =MOD(C2+B3,2) -> 0 | E3: =MOD(D2+C3,2) -> 0 | F3: =MOD(E2+D3,2) -> 0 | G3: =MOD(F2+E3,2) -> 1 | H3: =MOD(G2+F3,2) -> 0 | I3: =MOD(H2+G3,2) -> 0 | J3: =MOD(I2+H3,2) -> 0 | ... AG3: =MOD(AF2+AE3,2) -> 0
B4: 0 | C4: =MOD(B3+A4,2) -> 0 | D4: =MOD(C3+B4,2) -> 1 | E4: =MOD(D3+C4,2) -> 0 | F4: =MOD(E3+D4,2) -> 1 | G4: =MOD(F3+E4,2) -> 0 | H4: =MOD(G3+F4,2) -> 0 | I4: =MOD(H3+G4,2) -> 0 | J4: =MOD(I3+H4,2) -> 0 | ... AG4: =MOD(AF3+AE4,2) -> 0
B5: 0 | C5: =MOD(B4+A5,2) -> 0 | D5: =MOD(C4+B5,2) -> 0 | E5: =MOD(D4+C5,2) -> 1 | F5: =MOD(E4+D5,2) -> 0 | G5: =MOD(F4+E5,2) -> 0 | H5: =MOD(G4+F5,2) -> 0 | I5: =MOD(H4+G5,2) -> 0 | J5: =MOD(I4+H5,2) -> 0 | ... AG5: =MOD(AF4+AE5,2) -> 0
B6: 0 | C6: =MOD(B5+A6,2) -> 0 | D6: =MOD(C5+B6,2) -> 0 | E6: =MOD(D5+C6,2) -> 0 | F6: =MOD(E5+D6,2) -> 1 | G6: =MOD(F5+E6,2) -> 0 | H6: =MOD(G5+F6,2) -> 1 | I6: =MOD(H5+G6,2) -> 0 | J6: =MOD(I5+H6,2) -> 1 | ... AG6: =MOD(AF5+AE6,2) -> 0
B7: 0 | C7: =MOD(B6+A7,2) -> 0 | D7: =MOD(C6+B7,2) -> 0 | E7: =MOD(D6+C7,2) -> 0 | F7: =MOD(E6+D7,2) -> 0 | G7: =MOD(F6+E7,2) -> 1 | H7: =MOD(G6+F7,2) -> 0 | I7: =MOD(H6+G7,2) -> 0 | J7: =MOD(I6+H7,2) -> 0 | ... AG7: =MOD(AF6+AE7,2) -> 0
B8: 0 | C8: =MOD(B7+A8,2) -> 0 | D8: =MOD(C7+B8,2) -> 0 | E8: =MOD(D7+C8,2) -> 0 | F8: =MOD(E7+D8,2) -> 0 | G8: =MOD(F7+E8,2) -> 0 | H8: =MOD(G7+F8,2) -> 1 | I8: =MOD(H7+G8,2) -> 0 | J8: =MOD(I7+H8,2) -> 1 | ... AG8: =MOD(AF7+AE8,2) -> 0
B9: 0 | C9: =MOD(B8+A9,2) -> 0 | D9: =MOD(C8+B9,2) -> 0 | E9: =MOD(D8+C9,2) -> 0 | F9: =MOD(E8+D9,2) -> 0 | G9: =MOD(F8+E9,2) -> 0 | H9: =MOD(G8+F9,2) -> 0 | I9: =MOD(H8+G9,2) -> 1 | J9: =MOD(I8+H9,2) -> 0 | ... AG9: =MOD(AF8+AE9,2) -> 0
B10: 0 | C10: =MOD(B9+A10,2) -> 0 | D10: =MOD(C9+B10,2) -> 0 | E10: =MOD(D9+C10,2) -> 0 | F10: =MOD(E9+D10,2) -> 0 | G10: =MOD(F9+E10,2) -> 0 | H10: =MOD(G9+F10,2) -> 0 | I10: =MOD(H9+G10,2) -> 0 | J10: =MOD(I9+H10,2) -> 1 | ... AG10: =MOD(AF9+AE10,2) -> 0
B11: 0 | C11: =MOD(B10+A11,2) -> 0 | D11: =MOD(C10+B11,2) -> 0 | E11: =MOD(D10+C11,2) -> 0 | F11: =MOD(E10+D11,2) -> 0 | G11: =MOD(F10+E11,2) -> 0 | H11: =MOD(G10+F11,2) -> 0 | I11: =MOD(H10+G11,2) -> 0 | J11: =MOD(I10+H11,2) -> 0 | ... AG11: =MOD(AF10+AE11,2) -> 0
B12: 0 | C12: =MOD(B11+A12,2) -> 0 | D12: =MOD(C11+B12,2) -> 0 | E12: =MOD(D11+C12,2) -> 0 | F12: =MOD(E11+D12,2) -> 0 | G12: =MOD(F11+E12,2) -> 0 | H12: =MOD(G11+F12,2) -> 0 | I12: =MOD(H11+G12,2) -> 0 | J12: =MOD(I11+H12,2) -> 0 | ... AG12: =MOD(AF11+AE12,2) -> 0
B13: 0 | C13: =MOD(B12+A13,2) -> 0 | D13: =MOD(C12+B13,2) -> 0 | E13: =MOD(D12+C13,2) -> 0 | F13: =MOD(E12+D13,2) -> 0 | G13: =MOD(F12+E13,2) -> 0 | H13: =MOD(G12+F13,2) -> 0 | I13: =MOD(H12+G13,2) -> 0 | J13: =MOD(I12+H13,2) -> 0 | ... AG13: =MOD(AF12+AE13,2) -> 0
... B33: 0 | C33: =MOD(B32+A33,2) -> 0 | D33: =MOD(C32+B33,2) -> 0 | E33: =MOD(D32+C33,2) -> 0 | F33: =MOD(E32+D33,2) -> 0 | G33: =MOD(F32+E33,2) -> 0 | H33: =MOD(G32+F33,2) -> 0 | I33: =MOD(H32+G33,2) -> 0 | J33: =MOD(I32+H33,2) -> 0 | ... AG33: =MOD(AF32+AE33,2) -> 1

Sheet K^T
B2: 1 | C2: 0 | D2: 0 | E2: 0 | F2: 0 | G2: 0 | H2: 0 | I2: 0 | J2: 0 | K2: 0 | L2: 0 | M2: 0 | N2: 0 | O2: 0 | P2: 0 | Q2: 0 | R2: 0 | S2: 0 | T2: 0 | U2: 0 | V2: 0 | W2: 0 | X2: 0 | Y2: 0 | Z2: 0 | AA2: 0 | AB2: 0 | AC2: 0 | AD2: 0 | AE2: 0 | AF2: 0 | AG2: 0
B3: =MOD(A2+C2,2) -> 0 | C3: =MOD(B2+D2,2) -> 1 | D3: =MOD(C2+E2,2) -> 0 | E3: =MOD(D2+F2,2) -> 0 | F3: =MOD(E2+G2,2) -> 0 | G3: =MOD(F2+H2,2) -> 0 | H3: =MOD(G2+I2,2) -> 0 | I3: =MOD(H2+J2,2) -> 0 | ... AG3: =MOD(AF2+AH2,2) -> 0
B4: =MOD(A3+C3,2) -> 1 | C4: =MOD(B3+D3,2) -> 0 | D4: =MOD(C3+E3,2) -> 1 | E4: =MOD(D3+F3,2) -> 0 | F4: =MOD(E3+G3,2) -> 0 | G4: =MOD(F3+H3,2) -> 0 | H4: =MOD(G3+I3,2) -> 0 | I4: =MOD(H3+J3,2) -> 0 | ... AG4: =MOD(AF3+AH3,2) -> 0
B5: =MOD(A4+C4,2) -> 0 | C5: =MOD(B4+D4,2) -> 0 | D5: =MOD(C4+E4,2) -> 0 | E5: =MOD(D4+F4,2) -> 1 | F5: =MOD(E4+G4,2) -> 0 | G5: =MOD(F4+H4,2) -> 0 | H5: =MOD(G4+I4,2) -> 0 | I5: =MOD(H4+J4,2) -> 0 | ... AG5: =MOD(AF4+AH4,2) -> 0
B6: =MOD(A5+C5,2) -> 0 | C6: =MOD(B5+D5,2) -> 0 | D6: =MOD(C5+E5,2) -> 1 | E6: =MOD(D5+F5,2) -> 0 | F6: =MOD(E5+G5,2) -> 1 | G6: =MOD(F5+H5,2) -> 0 | H6: =MOD(G5+I5,2) -> 0 | I6: =MOD(H5+J5,2) -> 0 | ... AG6: =MOD(AF5+AH5,2) -> 0
B7: =MOD(A6+C6,2) -> 0 | C7: =MOD(B6+D6,2) -> 1 | D7: =MOD(C6+E6,2) -> 0 | E7: =MOD(D6+F6,2) -> 0 | F7: =MOD(E6+G6,2) -> 0 | G7: =MOD(F6+H6,2) -> 1 | H7: =MOD(G6+I6,2) -> 0 | I7: =MOD(H6+J6,2) -> 0 | ... AG7: =MOD(AF6+AH6,2) -> 0
B8: =MOD(A7+C7,2) -> 1 | C8: =MOD(B7+D7,2) -> 0 | D8: =MOD(C7+E7,2) -> 1 | E8: =MOD(D7+F7,2) -> 0 | F8: =MOD(E7+G7,2) -> 1 | G8: =MOD(F7+H7,2) -> 0 | H8: =MOD(G7+I7,2) -> 1 | I8: =MOD(H7+J7,2) -> 0 | ... AG8: =MOD(AF7+AH7,2) -> 0
B9: =MOD(A8+C8,2) -> 0 | C9: =MOD(B8+D8,2) -> 0 | D9: =MOD(C8+E8,2) -> 0 | E9: =MOD(D8+F8,2) -> 0 | F9: =MOD(E8+G8,2) -> 0 | G9: =MOD(F8+H8,2) -> 0 | H9: =MOD(G8+I8,2) -> 0 | I9: =MOD(H8+J8,2) -> 1 | ... AG9: =MOD(AF8+AH8,2) -> 0
B10: =MOD(A9+C9,2) -> 0 | C10: =MOD(B9+D9,2) -> 0 | D10: =MOD(C9+E9,2) -> 0 | E10: =MOD(D9+F9,2) -> 0 | F10: =MOD(E9+G9,2) -> 0 | G10: =MOD(F9+H9,2) -> 0 | H10: =MOD(G9+I9,2) -> 1 | I10: =MOD(H9+J9,2) -> 0 | ... AG10: =MOD(AF9+AH9,2) -> 0
B11: =MOD(A10+C10,2) -> 0 | C11: =MOD(B10+D10,2) -> 0 | D11: =MOD(C10+E10,2) -> 0 | E11: =MOD(D10+F10,2) -> 0 | F11: =MOD(E10+G10,2) -> 0 | G11: =MOD(F10+H10,2) -> 1 | H11: =MOD(G10+I10,2) -> 0 | I11: =MOD(H10+J10,2) -> 0 | ... AG11: =MOD(AF10+AH10,2) -> 0
B12: =MOD(A11+C11,2) -> 0 | C12: =MOD(B11+D11,2) -> 0 | D12: =MOD(C11+E11,2) -> 0 | E12: =MOD(D11+F11,2) -> 0 | F12: =MOD(E11+G11,2) -> 1 | G12: =MOD(F11+H11,2) -> 0 | H12: =MOD(G11+I11,2) -> 1 | I12: =MOD(H11+J11,2) -> 0 | ... AG12: =MOD(AF11+AH11,2) -> 0
B13: =MOD(A12+C12,2) -> 0 | C13: =MOD(B12+D12,2) -> 0 | D13: =MOD(C12+E12,2) -> 0 | E13: =MOD(D12+F12,2) -> 1 | F13: =MOD(E12+G12,2) -> 0 | G13: =MOD(F12+H12,2) -> 0 | H13: =MOD(G12+I12,2) -> 0 | I13: =MOD(H12+J12,2) -> 0 | ... AG13: =MOD(AF12+AH12,2) -> 0
B14: =MOD(A13+C13,2) -> 0 | C14: =MOD(B13+D13,2) -> 0 | D14: =MOD(C13+E13,2) -> 1 | E14: =MOD(D13+F13,2) -> 0 | F14: =MOD(E13+G13,2) -> 1 | G14: =MOD(F13+H13,2) -> 0 | H14: =MOD(G13+I13,2) -> 0 | I14: =MOD(H13+J13,2) -> 0 | ... AG14: =MOD(AF13+AH13,2) -> 0
... B33: =MOD(A32+C32,2) -> 0 | C33: =MOD(B32+D32,2) -> 0 | D33: =MOD(C32+E32,2) -> 0 | E33: =MOD(D32+F32,2) -> 0 | F33: =MOD(E32+G32,2) -> 0 | G33: =MOD(F32+H32,2) -> 0 | H33: =MOD(G32+I32,2) -> 0 | I33: =MOD(H32+J32,2) -> 0 | ... AG33: =MOD(AF32+AH32,2) -> 1

Sheet F
A1: n
B2: 1 | C2: 0 | D2: 0 | E2: 0 | F2: 0 | G2: 0 | H2: 0 | I2: 0 | J2: 0 | K2: 0 | L2: 0 | M2: 0 | N2: 0 | O2: 0 | P2: 0 | Q2: 0 | R2: 0 | S2: 0 | T2: 0 | U2: 0 | V2: 0 | W2: 0 | X2: 0 | Y2: 0 | Z2: 0 | AA2: 0 | AB2: 0 | AC2: 0 | AD2: 0 | AE2: 0 | AF2: 0 | AG2: 0
B3: =MOD(A2+B1,2) -> 0 | C3: =MOD(B2+C1,2) -> 1 | D3: =MOD(C2+D1,2) -> 0 | E3: =MOD(D2+E1,2) -> 0 | F3: =MOD(E2+F1,2) -> 0 | G3: =MOD(F2+G1,2) -> 0 | H3: =MOD(G2+H1,2) -> 0 | I3: =MOD(H2+I1,2) -> 0 | ... AG3: =MOD(AF2+AG1,2) -> 0
B4: =MOD(A3+B2,2) -> 1 | C4: =MOD(B3+C2,2) -> 0 | D4: =MOD(C3+D2,2) -> 1 | E4: =MOD(D3+E2,2) -> 0 | F4: =MOD(E3+F2,2) -> 0 | G4: =MOD(F3+G2,2) -> 0 | H4: =MOD(G3+H2,2) -> 0 | I4: =MOD(H3+I2,2) -> 0 | ... AG4: =MOD(AF3+AG2,2) -> 0
B5: =MOD(A4+B3,2) -> 0 | C5: =MOD(B4+C3,2) -> 0 | D5: =MOD(C4+D3,2) -> 0 | E5: =MOD(D4+E3,2) -> 1 | F5: =MOD(E4+F3,2) -> 0 | G5: =MOD(F4+G3,2) -> 0 | H5: =MOD(G4+H3,2) -> 0 | I5: =MOD(H4+I3,2) -> 0 | ... AG5: =MOD(AF4+AG3,2) -> 0
B6: =MOD(A5+B4,2) -> 1 | C6: =MOD(B5+C4,2) -> 0 | D6: =MOD(C5+D4,2) -> 1 | E6: =MOD(D5+E4,2) -> 0 | F6: =MOD(E5+F4,2) -> 1 | G6: =MOD(F5+G4,2) -> 0 | H6: =MOD(G5+H4,2) -> 0 | I6: =MOD(H5+I4,2) -> 0 | ... AG6: =MOD(AF5+AG4,2) -> 0
B7: =MOD(A6+B5,2) -> 0 | C7: =MOD(B6+C5,2) -> 1 | D7: =MOD(C6+D5,2) -> 0 | E7: =MOD(D6+E5,2) -> 0 | F7: =MOD(E6+F5,2) -> 0 | G7: =MOD(F6+G5,2) -> 1 | H7: =MOD(G6+H5,2) -> 0 | I7: =MOD(H6+I5,2) -> 0 | ... AG7: =MOD(AF6+AG5,2) -> 0
B8: =MOD(A7+B6,2) -> 1 | C8: =MOD(B7+C6,2) -> 0 | D8: =MOD(C7+D6,2) -> 0 | E8: =MOD(D7+E6,2) -> 0 | F8: =MOD(E7+F6,2) -> 1 | G8: =MOD(F7+G6,2) -> 0 | H8: =MOD(G7+H6,2) -> 1 | I8: =MOD(H7+I6,2) -> 0 | ... AG8: =MOD(AF7+AG6,2) -> 0
B9: =MOD(A8+B7,2) -> 0 | C9: =MOD(B8+C7,2) -> 0 | D9: =MOD(C8+D7,2) -> 0 | E9: =MOD(D8+E7,2) -> 0 | F9: =MOD(E8+F7,2) -> 0 | G9: =MOD(F8+G7,2) -> 0 | H9: =MOD(G8+H7,2) -> 0 | I9: =MOD(H8+I7,2) -> 1 | ... AG9: =MOD(AF8+AG7,2) -> 0
B10: =MOD(A9+B8,2) -> 1 | C10: =MOD(B9+C8,2) -> 0 | D10: =MOD(C9+D8,2) -> 0 | E10: =MOD(D9+E8,2) -> 0 | F10: =MOD(E9+F8,2) -> 1 | G10: =MOD(F9+G8,2) -> 0 | H10: =MOD(G9+H8,2) -> 1 | I10: =MOD(H9+I8,2) -> 0 | ... AG10: =MOD(AF9+AG8,2) -> 0
B11: =MOD(A10+B9,2) -> 0 | C11: =MOD(B10+C9,2) -> 1 | D11: =MOD(C10+D9,2) -> 0 | E11: =MOD(D10+E9,2) -> 0 | F11: =MOD(E10+F9,2) -> 0 | G11: =MOD(F10+G9,2) -> 1 | H11: =MOD(G10+H9,2) -> 0 | I11: =MOD(H10+I9,2) -> 0 | ... AG11: =MOD(AF10+AG9,2) -> 0
B12: =MOD(A11+B10,2) -> 1 | C12: =MOD(B11+C10,2) -> 0 | D12: =MOD(C11+D10,2) -> 1 | E12: =MOD(D11+E10,2) -> 0 | F12: =MOD(E11+F10,2) -> 1 | G12: =MOD(F11+G10,2) -> 0 | H12: =MOD(G11+H10,2) -> 0 | I12: =MOD(H11+I10,2) -> 0 | ... AG12: =MOD(AF11+AG10,2) -> 0
B13: =MOD(A12+B11,2) -> 0 | C13: =MOD(B12+C11,2) -> 0 | D13: =MOD(C12+D11,2) -> 0 | E13: =MOD(D12+E11,2) -> 1 | F13: =MOD(E12+F11,2) -> 0 | G13: =MOD(F12+G11,2) -> 0 | H13: =MOD(G12+H11,2) -> 0 | I13: =MOD(H12+I11,2) -> 0 | ... AG13: =MOD(AF12+AG11,2) -> 0
B14: =MOD(A13+B12,2) -> 1 | C14: =MOD(B13+C12,2) -> 0 | D14: =MOD(C13+D12,2) -> 1 | E14: =MOD(D13+E12,2) -> 0 | F14: =MOD(E13+F12,2) -> 0 | G14: =MOD(F13+G12,2) -> 0 | H14: =MOD(G13+H12,2) -> 0 | I14: =MOD(H13+I12,2) -> 0 | ... AG14: =MOD(AF13+AG12,2) -> 0
... B33: =MOD(A32+B31,2) -> 0 | C33: =MOD(B32+C31,2) -> 0 | D33: =MOD(C32+D31,2) -> 0 | E33: =MOD(D32+E31,2) -> 0 | F33: =MOD(E32+F31,2) -> 0 | G33: =MOD(F32+G31,2) -> 0 | H33: =MOD(G32+H31,2) -> 0 | I33: =MOD(H32+I31,2) -> 0 | ... AG33: =MOD(AF32+AG31,2) -> 1

Sheet C
A1: n
B2: 1 | C2: 0 | D2: 0 | E2: 0 | F2: 0 | G2: 0 | H2: 0 | I2: 0 | J2: 0 | K2: 0 | L2: 0 | M2: 0 | N2: 0 | O2: 0 | P2: 0 | Q2: 0 | R2: 0 | S2: 0 | T2: 0 | U2: 0 | V2: 0 | W2: 0 | X2: 0 | Y2: 0 | Z2: 0 | AA2: 0 | AB2: 0 | AC2: 0 | AD2: 0 | AE2: 0 | AF2: 0 | AG2: 0
B3: =MOD(B2+A2+B1,2) -> 1 | C3: =MOD(C2+B2+C1,2) -> 1 | D3: =MOD(D2+C2+D1,2) -> 0 | E3: =MOD(E2+D2+E1,2) -> 0 | F3: =MOD(F2+E2+F1,2) -> 0 | G3: =MOD(G2+F2+G1,2) -> 0 | H3: =MOD(H2+G2+H1,2) -> 0 | I3: =MOD(I2+H2+I1,2) -> 0 | ... AG3: =MOD(AG2+AF2+AG1,2) -> 0
B4: =MOD(B3+A3+B2,2) -> 0 | C4: =MOD(C3+B3+C2,2) -> 0 | D4: =MOD(D3+C3+D2,2) -> 1 | E4: =MOD(E3+D3+E2,2) -> 0 | F4: =MOD(F3+E3+F2,2) -> 0 | G4: =MOD(G3+F3+G2,2) -> 0 | H4: =MOD(H3+G3+H2,2) -> 0 | I4: =MOD(I3+H3+I2,2) -> 0 | ... AG4: =MOD(AG3+AF3+AG2,2) -> 0
B5: =MOD(B4+A4+B3,2) -> 1 | C5: =MOD(C4+B4+C3,2) -> 1 | D5: =MOD(D4+C4+D3,2) -> 1 | E5: =MOD(E4+D4+E3,2) -> 1 | F5: =MOD(F4+E4+F3,2) -> 0 | G5: =MOD(G4+F4+G3,2) -> 0 | H5: =MOD(H4+G4+H3,2) -> 0 | I5: =MOD(I4+H4+I3,2) -> 0 | ... AG5: =MOD(AG4+AF4+AG3,2) -> 0
B6: =MOD(B5+A5+B4,2) -> 1 | C6: =MOD(C5+B5+C4,2) -> 0 | D6: =MOD(D5+C5+D4,2) -> 1 | E6: =MOD(E5+D5+E4,2) -> 0 | F6: =MOD(F5+E5+F4,2) -> 1 | G6: =MOD(G5+F5+G4,2) -> 0 | H6: =MOD(H5+G5+H4,2) -> 0 | I6: =MOD(I5+H5+I4,2) -> 0 | ... AG6: =MOD(AG5+AF5+AG4,2) -> 0
B7: =MOD(B6+A6+B5,2) -> 0 | C7: =MOD(C6+B6+C5,2) -> 0 | D7: =MOD(D6+C6+D5,2) -> 0 | E7: =MOD(E6+D6+E5,2) -> 0 | F7: =MOD(F6+E6+F5,2) -> 1 | G7: =MOD(G6+F6+G5,2) -> 1 | H7: =MOD(H6+G6+H5,2) -> 0 | I7: =MOD(I6+H6+I5,2) -> 0 | ... AG7: =MOD(AG6+AF6+AG5,2) -> 0
B8: =MOD(B7+A7+B6,2) -> 1 | C8: =MOD(C7+B7+C6,2) -> 0 | D8: =MOD(D7+C7+D6,2) -> 1 | E8: =MOD(E7+D7+E6,2) -> 0 | F8: =MOD(F7+E7+F6,2) -> 0 | G8: =MOD(G7+F7+G6,2) -> 0 | H8: =MOD(H7+G7+H6,2) -> 1 | I8: =MOD(I7+H7+I6,2) -> 0 | ... AG8: =MOD(AG7+AF7+AG6,2) -> 0
B9: =MOD(B8+A8+B7,2) -> 1 | C9: =MOD(C8+B8+C7,2) -> 1 | D9: =MOD(D8+C8+D7,2) -> 1 | E9: =MOD(E8+D8+E7,2) -> 1 | F9: =MOD(F8+E8+F7,2) -> 1 | G9: =MOD(G8+F8+G7,2) -> 1 | H9: =MOD(H8+G8+H7,2) -> 1 | I9: =MOD(I8+H8+I7,2) -> 1 | ... AG9: =MOD(AG8+AF8+AG7,2) -> 0
B10: =MOD(B9+A9+B8,2) -> 0 | C10: =MOD(C9+B9+C8,2) -> 0 | D10: =MOD(D9+C9+D8,2) -> 1 | E10: =MOD(E9+D9+E8,2) -> 0 | F10: =MOD(F9+E9+F8,2) -> 0 | G10: =MOD(G9+F9+G8,2) -> 0 | H10: =MOD(H9+G9+H8,2) -> 1 | I10: =MOD(I9+H9+I8,2) -> 0 | ... AG10: =MOD(AG9+AF9+AG8,2) -> 0
B11: =MOD(B10+A10+B9,2) -> 1 | C11: =MOD(C10+B10+C9,2) -> 1 | D11: =MOD(D10+C10+D9,2) -> 0 | E11: =MOD(E10+D10+E9,2) -> 0 | F11: =MOD(F10+E10+F9,2) -> 1 | G11: =MOD(G10+F10+G9,2) -> 1 | H11: =MOD(H10+G10+H9,2) -> 0 | I11: =MOD(I10+H10+I9,2) -> 0 | ... AG11: =MOD(AG10+AF10+AG9,2) -> 0
B12: =MOD(B11+A11+B10,2) -> 1 | C12: =MOD(C11+B11+C10,2) -> 0 | D12: =MOD(D11+C11+D10,2) -> 0 | E12: =MOD(E11+D11+E10,2) -> 0 | F12: =MOD(F11+E11+F10,2) -> 1 | G12: =MOD(G11+F11+G10,2) -> 0 | H12: =MOD(H11+G11+H10,2) -> 0 | I12: =MOD(I11+H11+I10,2) -> 0 | ... AG12: =MOD(AG11+AF11+AG10,2) -> 0
B13: =MOD(B12+A12+B11,2) -> 0 | C13: =MOD(C12+B12+C11,2) -> 0 | D13: =MOD(D12+C12+D11,2) -> 0 | E13: =MOD(E12+D12+E11,2) -> 0 | F13: =MOD(F12+E12+F11,2) -> 0 | G13: =MOD(G12+F12+G11,2) -> 0 | H13: =MOD(H12+G12+H11,2) -> 0 | I13: =MOD(I12+H12+I11,2) -> 0 | ... AG13: =MOD(AG12+AF12+AG11,2) -> 0
B14: =MOD(B13+A13+B12,2) -> 1 | C14: =MOD(C13+B13+C12,2) -> 0 | D14: =MOD(D13+C13+D12,2) -> 0 | E14: =MOD(E13+D13+E12,2) -> 0 | F14: =MOD(F13+E13+F12,2) -> 1 | G14: =MOD(G13+F13+G12,2) -> 0 | H14: =MOD(H13+G13+H12,2) -> 0 | I14: =MOD(I13+H13+I12,2) -> 0 | ... AG14: =MOD(AG13+AF13+AG12,2) -> 0
... B33: =MOD(B32+A32+B31,2) -> 1 | C33: =MOD(C32+B32+C31,2) -> 1 | D33: =MOD(D32+C32+D31,2) -> 1 | E33: =MOD(E32+D32+E31,2) -> 1 | F33: =MOD(F32+E32+F31,2) -> 1 | G33: =MOD(G32+F32+G31,2) -> 1 | H33: =MOD(H32+G32+H31,2) -> 1 | I33: =MOD(I32+H32+I31,2) -> 1 | ... AG33: =MOD(AG32+AF32+AG31,2) -> 1

Sheet P (4)
C3: 0 | D3: 0 | E3: 0 | F3: 0 | G3: 0 | H3: 0 | I3: 0 | J3: 0 | K3: 0 | L3: 0 | M3: 0 | N3: 0 | O3: 0 | P3: 0 | Q3: 0 | R3: 0 | S3: 0 | T3: 0 | U3: 0 | V3: 0 | W3: 0 | X3: 0 | Y3: 0 | Z3: 0 | AA3: 0 | AB3: 0 | AC3: 0 | AD3: 0 | AE3: 0 | AF3: 0 | AG3: 0
C4: 1 | D4: 0 | E4: 0 | F4: 0 | G4: 0 | H4: 0 | I4: 0 | J4: 0 | K4: 0 | L4: 0 | M4: 0 | N4: 0 | O4: 0 | P4: 0 | Q4: 0 | R4: 0 | S4: 0 | T4: 0 | U4: 0 | V4: 0 | W4: 0 | X4: 0 | Y4: 0 | Z4: 0 | AA4: 0 | AB4: 0 | AC4: 0 | AD4: 0 | AE4: 0 | AF4: 0 | AG4: 0
C5: =MOD(C4+B3+A3+C2+C1,2) -> 1 | D5: =MOD(D4+C3+B3+D2+D1,2) -> 0 | E5: =MOD(E4+D3+C3+E2+E1,2) -> 0 | F5: =MOD(F4+E3+D3+F2+F1,2) -> 0 | G5: =MOD(G4+F3+E3+G2+G1,2) -> 0 | H5: =MOD(H4+G3+F3+H2+H1,2) -> 0 | I5: =MOD(I4+H3+G3+I2+I1,2) -> 0 | J5: =MOD(J4+I3+H3+J2+J1,2) -> 0 | ... AG5: =MOD(AG4+AF3+AE3+AG2+AG1,2) -> 0
C6: =MOD(C5+B4+A4+C3+C2,2) -> 1 | D6: =MOD(D5+C4+B3+D2+D1,2) -> 1 | E6: =MOD(E5+D4+C4+E2+E1,2) -> 1 | F6: =MOD(F5+E4+D4+F2+F1,2) -> 0 | G6: =MOD(G5+F4+E4+G2+G1,2) -> 0 | H6: =MOD(H5+G4+F4+H2+H1,2) -> 0 | I6: =MOD(I5+H4+G4+I2+I1,2) -> 0 | J6: =MOD(J5+I4+H4+J2+J1,2) -> 0 | K6: =MOD(K5+J4+I4+K2+K1,2) -> 0 | L6: =MOD(L5+K4+J4+L2+L1,2) -> 0 | ... AG6: =MOD(AG5+AF4+AE4+AG2+AG1,2) -> 0
C7: =MOD(C6+B5+A5+C4+C3,2) -> 0 | D7: =MOD(D6+C5+B4+D4+D2,2) -> 0 | E7: =MOD(E6+D5+C5+E4+E2,2) -> 0 | F7: =MOD(F6+E5+D5+F4+F2,2) -> 0 | G7: =MOD(G6+F5+E5+G4+G2,2) -> 0 | H7: =MOD(H6+G5+F5+H4+H2,2) -> 0 | I7: =MOD(I6+H5+G5+I4+I2,2) -> 0 | J7: =MOD(J6+I5+H5+J4+J2,2) -> 0 | K7: =MOD(K6+J5+I5+K4+K2,2) -> 0 | L7: =MOD(L6+K5+J5+L4+L2,2) -> 0 | ... AG7: =MOD(AG6+AF5+AE5+AG4+AG2,2) -> 0
C8: =MOD(C7+B6+A6+C5+C4,2) -> 0 | D8: =MOD(D7+C6+B6+D5+D4,2) -> 1 | E8: =MOD(E7+D6+C6+E5+E4,2) -> 0 | F8: =MOD(F7+E6+D6+F5+F4,2) -> 0 | G8: =MOD(G7+F6+E6+G5+G4,2) -> 1 | H8: =MOD(H7+G6+F6+H5+H4,2) -> 0 | I8: =MOD(I7+H6+G6+I5+I4,2) -> 0 | J8: =MOD(J7+I6+H6+J5+J4,2) -> 0 | ... AG8: =MOD(AG7+AF6+AE6+AG5+AG4,2) -> 0
C9: =MOD(C8+B7+A7+C6+C5,2) -> 0 | D9: =MOD(D8+C7+B7+D6+D5,2) -> 0 | E9: =MOD(E8+D7+C7+E6+E5,2) -> 1 | F9: =MOD(F8+E7+D7+F6+F5,2) -> 0 | G9: =MOD(G8+F7+E7+G6+G5,2) -> 1 | H9: =MOD(H8+G7+F7+H6+H5,2) -> 0 | I9: =MOD(I8+H7+G7+I6+I5,2) -> 0 | J9: =MOD(J8+I7+H7+J6+J5,2) -> 0 | ... AG9: =MOD(AG8+AF7+AE7+AG6+AG5,2) -> 0
C10: =MOD(C9+B8+A8+C7+C6,2) -> 1 | D10: =MOD(D9+C8+B8+D7+D6,2) -> 1 | E10: =MOD(E9+D8+C8+E7+E6,2) -> 1 | F10: =MOD(F9+E8+D8+F7+F6,2) -> 1 | G10: =MOD(G9+F8+E8+G7+G6,2) -> 1 | H10: =MOD(H9+G8+F8+H7+H6,2) -> 1 | I10: =MOD(I9+H8+G8+I7+I6,2) -> 1 | J10: =MOD(J9+I8+H8+J7+J6,2) -> 0 | ... AG10: =MOD(AG9+AF8+AE8+AG7+AG6,2) -> 0
C11: =MOD(C10+B9+A9+C8+C7,2) -> 1 | D11: =MOD(D10+C9+B9+D8+D7,2) -> 0 | E11: =MOD(E10+D9+C9+E8+E7,2) -> 1 | F11: =MOD(F10+E9+D9+F8+F7,2) -> 0 | G11: =MOD(G10+F9+E9+G8+G7,2) -> 1 | H11: =MOD(H10+G9+F9+H8+H7,2) -> 0 | I11: =MOD(I10+H9+G9+I8+I7,2) -> 0 | J11: =MOD(J10+I9+H9+J8+J7,2) -> 0 | ... AG11: =MOD(AG10+AF9+AE9+AG8+AG7,2) -> 0
C12: =MOD(C11+B10+A10+C9+C8,2) -> 1 | D12: =MOD(D11+C10+B10+D9+D8,2) -> 0 | E12: =MOD(E11+D10+C10+E9+E8,2) -> 0 | F12: =MOD(F11+E10+D10+F9+F8,2) -> 0 | G12: =MOD(G11+F10+E10+G9+G8,2) -> 1 | H12: =MOD(H11+G10+F10+H9+H8,2) -> 0 | I12: =MOD(I11+H10+G10+I9+I8,2) -> 0 | J12: =MOD(J11+I10+H10+J9+J8,2) -> 0 | ... AG12: =MOD(AG11+AF10+AE10+AG9+AG8,2) -> 0
C13: =MOD(C12+B11+A11+C10+C9,2) -> 0 | D13: =MOD(D12+C11+B11+D10+D9,2) -> 0 | E13: =MOD(E12+D11+C11+E10+E9,2) -> 1 | F13: =MOD(F12+E11+D11+F10+F9,2) -> 0 | G13: =MOD(G12+F11+E11+G10+G9,2) -> 0 | H13: =MOD(H12+G11+F11+H10+H9,2) -> 0 | I13: =MOD(I12+H11+G11+I10+I9,2) -> 0 | J13: =MOD(J12+I11+H11+J10+J9,2) -> 0 | ... AG13: =MOD(AG12+AF11+AE11+AG10+AG9,2) -> 0
C14: =MOD(C13+B12+A12+C11+C10,2) -> 0 | D14: =MOD(D13+C12+B12+D11+D10,2) -> 0 | E14: =MOD(E13+D12+C12+E11+E10,2) -> 0 | F14: =MOD(F13+E12+D12+F11+F10,2) -> 1 | G14: =MOD(G13+F12+E12+G11+G10,2) -> 0 | H14: =MOD(H13+G12+F12+H11+H10,2) -> 0 | I14: =MOD(I13+H12+G12+I11+I10,2) -> 0 | J14: =MOD(J13+I12+H12+J11+J10,2) -> 0 | ... AG14: =MOD(AG13+AF12+AE12+AG11+AG10,2) -> 0
C15: =MOD(C14+B13+A13+C12+C11,2) -> 0 | D15: =MOD(D14+C13+B13+D12+D11,2) -> 0 | E15: =MOD(E14+D13+C13+E12+E11,2) -> 1 | F15: =MOD(F14+E13+D13+F12+F11,2) -> 0 | G15: =MOD(G14+F13+E13+G12+G11,2) -> 1 | H15: =MOD(H14+G13+F13+H12+H11,2) -> 0 | I15: =MOD(I14+H13+G13+I12+I11,2) -> 0 | J15: =MOD(J14+I13+H13+J12+J11,2) -> 0 | ... AG15: =MOD(AG14+AF13+AE13+AG12+AG11,2) -> 0
C16: =MOD(C15+B14+A14+C13+C12,2) -> 1 | D16: =MOD(D15+C14+B14+D13+D12,2) -> 0 | E16: =MOD(E15+D14+C14+E13+E12,2) -> 0 | F16: =MOD(F15+E14+D14+F13+F12,2) -> 0 | G16: =MOD(G15+F14+E14+G13+G12,2) -> 1 | H16: =MOD(H15+G14+F14+H13+H12,2) -> 1 | I16: =MOD(I15+H14+G14+I13+I12,2) -> 0 | J16: =MOD(J15+I14+H14+J13+J12,2) -> 0 | ... AG16: =MOD(AG15+AF14+AE14+AG13+AG12,2) -> 0
C17: =MOD(C16+B15+A15+C14+C13,2) -> 1 | D17: =MOD(D16+C15+B15+D14+D13,2) -> 0 | E17: =MOD(E16+D15+C15+E14+E13,2) -> 1 | F17: =MOD(F16+E15+D15+F14+F13,2) -> 0 | G17: =MOD(G16+F15+E15+G14+G13,2) -> 0 | H17: =MOD(H16+G15+F15+H14+H13,2) -> 0 | I17: =MOD(I16+H15+G15+I14+I13,2) -> 1 | J17: =MOD(J16+I15+H15+J14+J13,2) -> 0 | ... AG17: =MOD(AG16+AF15+AE15+AG14+AG13,2) -> 0
C18: =MOD(C17+B16+A16+C15+C14,2) -> 1 | D18: =MOD(D17+C16+B16+D15+D14,2) -> 1 | E18: =MOD(E17+D16+C16+E15+E14,2) -> 1 | F18: =MOD(F17+E16+D16+F15+F14,2) -> 1 | G18: =MOD(G17+F16+E16+G15+G14,2) -> 1 | H18: =MOD(H17+G16+F16+H15+H14,2) -> 1 | I18: =MOD(I17+H16+G16+I15+I14,2) -> 1 | J18: =MOD(J17+I16+H16+J15+J14,2) -> 1 | ... AG18: =MOD(AG17+AF16+AE16+AG15+AG14,2) -> 0
C19: =MOD(C18+B17+A17+C16+C15,2) -> 0 | D19: =MOD(D18+C17+B17+D16+D15,2) -> 0 | E19: =MOD(E18+D17+C17+E16+E15,2) -> 1 | F19: =MOD(F18+E17+D17+F16+F15,2) -> 0 | G19: =MOD(G18+F17+E17+G16+G15,2) -> 0 | H19: =MOD(H18+G17+F17+H16+H15,2) -> 0 | I19: =MOD(I18+H17+G17+I16+I15,2) -> 1 | J19: =MOD(J18+I17+H17+J16+J15,2) -> 0 | ... AG19: =MOD(AG18+AF17+AE17+AG16+AG15,2) -> 0
... C35: =MOD(C34+B33+A33+C32+C31,2) -> 1 | D35: =MOD(D34+C33+B33+D32+D31,2) -> 0 | E35: =MOD(E34+D33+C33+E32+E31,2) -> 1 | F35: =MOD(F34+E33+D33+F32+F31,2) -> 0 | G35: =MOD(G34+F33+E33+G32+G31,2) -> 0 | H35: =MOD(H34+G33+F33+H32+H31,2) -> 0 | I35: =MOD(I34+H33+G33+I32+I31,2) -> 1 | J35: =MOD(J34+I33+H33+J32+J31,2) -> 0 | ... AG35: =MOD(AG34+AF33+AE33+AG32+AG31,2) -> 0

Sheet P (2)
C3: 0 | D3: 0 | E3: 0 | F3: 0 | G3: 0 | H3: 0 | I3: 0 | J3: 0 | K3: 0 | L3: 0 | M3: 0 | N3: 0 | O3: 0 | P3: 0 | Q3: 0 | R3: 0 | S3: 0 | T3: 0 | U3: 0 | V3: 0 | W3: 0 | X3: 0 | Y3: 0 | Z3: 0 | AA3: 0 | AB3: 0 | AC3: 0 | AD3: 0 | AE3: 0 | AF3: 0 | AG3: 0
C4: 1 | D4: 0 | E4: 0 | F4: 0 | G4: 0 | H4: 0 | I4: 0 | J4: 0 | K4: 0 | L4: 0 | M4: 0 | N4: 0 | O4: 0 | P4: 0 | Q4: 0 | R4: 0 | S4: 0 | T4: 0 | U4: 0 | V4: 0 | W4: 0 | X4: 0 | Y4: 0 | Z4: 0 | AA4: 0 | AB4: 0 | AC4: 0 | AD4: 0 | AE4: 0 | AF4: 0 | AG4: 0
C5: =MOD(C4+B3+A3+C2+C1,2) -> 1 | D5: =MOD(D4+C3+B3+D2+D1,2) -> 0 | E5: =MOD(E4+D3+C3+E2+E1,2) -> 0 | F5: =MOD(F4+E3+D3+F2+F1,2) -> 0 | G5: =MOD(G4+F3+E3+G2+G1,2) -> 0 | H5: =MOD(H4+G3+F3+H2+H1,2) -> 0 | I5: =MOD(I4+H3+G3+I2+I1,2) -> 0 | J5: =MOD(J4+I3+H3+J2+J1,2) -> 0 | ... AG5: =MOD(AG4+AF3+AE3+AG2+AG1,2) -> 0
C6: =MOD(C5+B4+A4+C3+C2,2) -> 1 | D6: =MOD(D5+C4+B3+D2+D1,2) -> 1 | E6: =MOD(E5+D4+C4+E2+E1,2) -> 1 | F6: =MOD(F5+E4+D4+F2+F1,2) -> 0 | G6: =MOD(G5+F4+E4+G2+G1,2) -> 0 | H6: =MOD(H5+G4+F4+H2+H1,2) -> 0 | I6: =MOD(I5+H4+G4+I2+I1,2) -> 0 | J6: =MOD(J5+I4+H4+J2+J1,2) -> 0 | K6: =MOD(K5+J4+I4+K2+K1,2) -> 0 | L6: =MOD(L5+K4+J4+L2+L1,2) -> 0 | ... AG6: =MOD(AG5+AF4+AE4+AG2+AG1,2) -> 0
C7: =MOD(C6+B5+A5+C4+C3,2) -> 0 | D7: =MOD(D6+C5+B4+D4+D2,2) -> 0 | E7: =MOD(E6+D5+C5+E4+E2,2) -> 0 | F7: =MOD(F6+E5+D5+F4+F2,2) -> 0 | G7: =MOD(G6+F5+E5+G4+G2,2) -> 0 | H7: =MOD(H6+G5+F5+H4+H2,2) -> 0 | I7: =MOD(I6+H5+G5+I4+I2,2) -> 0 | J7: =MOD(J6+I5+H5+J4+J2,2) -> 0 | K7: =MOD(K6+J5+I5+K4+K2,2) -> 0 | L7: =MOD(L6+K5+J5+L4+L2,2) -> 0 | ... AG7: =MOD(AG6+AF5+AE5+AG4+AG2,2) -> 0
C8: =MOD(C7+B6+A6+C5+C4,2) -> 0 | D8: =MOD(D7+C6+B6+D5+D4,2) -> 1 | E8: =MOD(E7+D6+C6+E5+E4,2) -> 0 | F8: =MOD(F7+E6+D6+F5+F4,2) -> 0 | G8: =MOD(G7+F6+E6+G5+G4,2) -> 1 | H8: =MOD(H7+G6+F6+H5+H4,2) -> 0 | I8: =MOD(I7+H6+G6+I5+I4,2) -> 0 | J8: =MOD(J7+I6+H6+J5+J4,2) -> 0 | ... AG8: =MOD(AG7+AF6+AE6+AG5+AG4,2) -> 0
C9: =MOD(C8+B7+A7+C6+C5,2) -> 0 | D9: =MOD(D8+C7+B7+D6+D5,2) -> 0 | E9: =MOD(E8+D7+C7+E6+E5,2) -> 1 | F9: =MOD(F8+E7+D7+F6+F5,2) -> 0 | G9: =MOD(G8+F7+E7+G6+G5,2) -> 1 | H9: =MOD(H8+G7+F7+H6+H5,2) -> 0 | I9: =MOD(I8+H7+G7+I6+I5,2) -> 0 | J9: =MOD(J8+I7+H7+J6+J5,2) -> 0 | ... AG9: =MOD(AG8+AF7+AE7+AG6+AG5,2) -> 0
C10: =MOD(C9+B8+A8+C7+C6,2) -> 1 | D10: =MOD(D9+C8+B8+D7+D6,2) -> 1 | E10: =MOD(E9+D8+C8+E7+E6,2) -> 1 | F10: =MOD(F9+E8+D8+F7+F6,2) -> 1 | G10: =MOD(G9+F8+E8+G7+G6,2) -> 1 | H10: =MOD(H9+G8+F8+H7+H6,2) -> 1 | I10: =MOD(I9+H8+G8+I7+I6,2) -> 1 | J10: =MOD(J9+I8+H8+J7+J6,2) -> 0 | ... AG10: =MOD(AG9+AF8+AE8+AG7+AG6,2) -> 0
C11: =MOD(C10+B9+A9+C8+C7,2) -> 1 | D11: =MOD(D10+C9+B9+D8+D7,2) -> 0 | E11: =MOD(E10+D9+C9+E8+E7,2) -> 1 | F11: =MOD(F10+E9+D9+F8+F7,2) -> 0 | G11: =MOD(G10+F9+E9+G8+G7,2) -> 1 | H11: =MOD(H10+G9+F9+H8+H7,2) -> 0 | I11: =MOD(I10+H9+G9+I8+I7,2) -> 0 | J11: =MOD(J10+I9+H9+J8+J7,2) -> 0 | ... AG11: =MOD(AG10+AF9+AE9+AG8+AG7,2) -> 0
C12: =MOD(C11+B10+A10+C9+C8,2) -> 1 | D12: =MOD(D11+C10+B10+D9+D8,2) -> 0 | E12: =MOD(E11+D10+C10+E9+E8,2) -> 0 | F12: =MOD(F11+E10+D10+F9+F8,2) -> 0 | G12: =MOD(G11+F10+E10+G9+G8,2) -> 1 | H12: =MOD(H11+G10+F10+H9+H8,2) -> 0 | I12: =MOD(I11+H10+G10+I9+I8,2) -> 0 | J12: =MOD(J11+I10+H10+J9+J8,2) -> 0 | ... AG12: =MOD(AG11+AF10+AE10+AG9+AG8,2) -> 0
C13: =MOD(C12+B11+A11+C10+C9,2) -> 0 | D13: =MOD(D12+C11+B11+D10+D9,2) -> 0 | E13: =MOD(E12+D11+C11+E10+E9,2) -> 1 | F13: =MOD(F12+E11+D11+F10+F9,2) -> 0 | G13: =MOD(G12+F11+E11+G10+G9,2) -> 0 | H13: =MOD(H12+G11+F11+H10+H9,2) -> 0 | I13: =MOD(I12+H11+G11+I10+I9,2) -> 0 | J13: =MOD(J12+I11+H11+J10+J9,2) -> 0 | ... AG13: =MOD(AG12+AF11+AE11+AG10+AG9,2) -> 0
C14: =MOD(C13+B12+A12+C11+C10,2) -> 0 | D14: =MOD(D13+C12+B12+D11+D10,2) -> 0 | E14: =MOD(E13+D12+C12+E11+E10,2) -> 0 | F14: =MOD(F13+E12+D12+F11+F10,2) -> 1 | G14: =MOD(G13+F12+E12+G11+G10,2) -> 0 | H14: =MOD(H13+G12+F12+H11+H10,2) -> 0 | I14: =MOD(I13+H12+G12+I11+I10,2) -> 0 | J14: =MOD(J13+I12+H12+J11+J10,2) -> 0 | ... AG14: =MOD(AG13+AF12+AE12+AG11+AG10,2) -> 0
C15: =MOD(C14+B13+A13+C12+C11,2) -> 0 | D15: =MOD(D14+C13+B13+D12+D11,2) -> 0 | E15: =MOD(E14+D13+C13+E12+E11,2) -> 1 | F15: =MOD(F14+E13+D13+F12+F11,2) -> 0 | G15: =MOD(G14+F13+E13+G12+G11,2) -> 1 | H15: =MOD(H14+G13+F13+H12+H11,2) -> 0 | I15: =MOD(I14+H13+G13+I12+I11,2) -> 0 | J15: =MOD(J14+I13+H13+J12+J11,2) -> 0 | ... AG15: =MOD(AG14+AF13+AE13+AG12+AG11,2) -> 0
C16: =MOD(C15+B14+A14+C13+C12,2) -> 1 | D16: =MOD(D15+C14+B14+D13+D12,2) -> 0 | E16: =MOD(E15+D14+C14+E13+E12,2) -> 0 | F16: =MOD(F15+E14+D14+F13+F12,2) -> 0 | G16: =MOD(G15+F14+E14+G13+G12,2) -> 1 | H16: =MOD(H15+G14+F14+H13+H12,2) -> 1 | I16: =MOD(I15+H14+G14+I13+I12,2) -> 0 | J16: =MOD(J15+I14+H14+J13+J12,2) -> 0 | ... AG16: =MOD(AG15+AF14+AE14+AG13+AG12,2) -> 0
C17: =MOD(C16+B15+A15+C14+C13,2) -> 1 | D17: =MOD(D16+C15+B15+D14+D13,2) -> 0 | E17: =MOD(E16+D15+C15+E14+E13,2) -> 1 | F17: =MOD(F16+E15+D15+F14+F13,2) -> 0 | G17: =MOD(G16+F15+E15+G14+G13,2) -> 0 | H17: =MOD(H16+G15+F15+H14+H13,2) -> 0 | I17: =MOD(I16+H15+G15+I14+I13,2) -> 1 | J17: =MOD(J16+I15+H15+J14+J13,2) -> 0 | ... AG17: =MOD(AG16+AF15+AE15+AG14+AG13,2) -> 0
C18: =MOD(C17+B16+A16+C15+C14,2) -> 1 | D18: =MOD(D17+C16+B16+D15+D14,2) -> 1 | E18: =MOD(E17+D16+C16+E15+E14,2) -> 1 | F18: =MOD(F17+E16+D16+F15+F14,2) -> 1 | G18: =MOD(G17+F16+E16+G15+G14,2) -> 1 | H18: =MOD(H17+G16+F16+H15+H14,2) -> 1 | I18: =MOD(I17+H16+G16+I15+I14,2) -> 1 | J18: =MOD(J17+I16+H16+J15+J14,2) -> 1 | ... AG18: =MOD(AG17+AF16+AE16+AG15+AG14,2) -> 0
C19: =MOD(C18+B17+A17+C16+C15,2) -> 0 | D19: =MOD(D18+C17+B17+D16+D15,2) -> 0 | E19: =MOD(E18+D17+C17+E16+E15,2) -> 1 | F19: =MOD(F18+E17+D17+F16+F15,2) -> 0 | G19: =MOD(G18+F17+E17+G16+G15,2) -> 0 | H19: =MOD(H18+G17+F17+H16+H15,2) -> 0 | I19: =MOD(I18+H17+G17+I16+I15,2) -> 1 | J19: =MOD(J18+I17+H17+J16+J15,2) -> 0 | ... AG19: =MOD(AG18+AF17+AE17+AG16+AG15,2) -> 0
... C35: =MOD(C34+B33+A33+C32+C31,2) -> 1 | D35: =MOD(D34+C33+B33+D32+D31,2) -> 0 | E35: =MOD(E34+D33+C33+E32+E31,2) -> 1 | F35: =MOD(F34+E33+D33+F32+F31,2) -> 0 | G35: =MOD(G34+F33+E33+G32+G31,2) -> 0 | H35: =MOD(H34+G33+F33+H32+H31,2) -> 0 | I35: =MOD(I34+H33+G33+I32+I31,2) -> 1 | J35: =MOD(J34+I33+H33+J32+J31,2) -> 0 | ... AG35: =MOD(AG34+AF33+AE33+AG32+AG31,2) -> 0

Sheet P (3)
C3: =MOD('C'!B2+F!B2,2) -> 0 | D3: =MOD('C'!C2+F!C2,2) -> 0 | E3: =MOD('C'!D2+F!D2,2) -> 0 | F3: =MOD('C'!E2+F!E2,2) -> 0 | G3: =MOD('C'!F2+F!F2,2) -> 0 | H3: =MOD('C'!G2+F!G2,2) -> 0 | I3: =MOD('C'!H2+F!H2,2) -> 0 | J3: =MOD('C'!I2+F!I2,2) -> 0 | ... AG3: =MOD('C'!AF2+F!AF2,2) -> 0
C4: =MOD('C'!B3+F!B3,2) -> 1 | D4: =MOD('C'!C3+F!C3,2) -> 0 | E4: =MOD('C'!D3+F!D3,2) -> 0 | F4: =MOD('C'!E3+F!E3,2) -> 0 | G4: =MOD('C'!F3+F!F3,2) -> 0 | H4: =MOD('C'!G3+F!G3,2) -> 0 | I4: =MOD('C'!H3+F!H3,2) -> 0 | J4: =MOD('C'!I3+F!I3,2) -> 0 | ... AG4: =MOD('C'!AF3+F!AF3,2) -> 0
C5: =MOD('C'!B4+F!B4,2) -> 1 | D5: =MOD('C'!C4+F!C4,2) -> 0 | E5: =MOD('C'!D4+F!D4,2) -> 0 | F5: =MOD('C'!E4+F!E4,2) -> 0 | G5: =MOD('C'!F4+F!F4,2) -> 0 | H5: =MOD('C'!G4+F!G4,2) -> 0 | I5: =MOD('C'!H4+F!H4,2) -> 0 | J5: =MOD('C'!I4+F!I4,2) -> 0 | ... AG5: =MOD('C'!AF4+F!AF4,2) -> 0
C6: =MOD('C'!B5+F!B5,2) -> 1 | D6: =MOD('C'!C5+F!C5,2) -> 1 | E6: =MOD('C'!D5+F!D5,2) -> 1 | F6: =MOD('C'!E5+F!E5,2) -> 0 | G6: =MOD('C'!F5+F!F5,2) -> 0 | H6: =MOD('C'!G5+F!G5,2) -> 0 | I6: =MOD('C'!H5+F!H5,2) -> 0 | J6: =MOD('C'!I5+F!I5,2) -> 0 | ... AG6: =MOD('C'!AF5+F!AF5,2) -> 0
C7: =MOD('C'!B6+F!B6,2) -> 0 | D7: =MOD('C'!C6+F!C6,2) -> 0 | E7: =MOD('C'!D6+F!D6,2) -> 0 | F7: =MOD('C'!E6+F!E6,2) -> 0 | G7: =MOD('C'!F6+F!F6,2) -> 0 | H7: =MOD('C'!G6+F!G6,2) -> 0 | I7: =MOD('C'!H6+F!H6,2) -> 0 | J7: =MOD('C'!I6+F!I6,2) -> 0 | ... AG7: =MOD('C'!AF6+F!AF6,2) -> 0
C8: =MOD('C'!B7+F!B7,2) -> 0 | D8: =MOD('C'!C7+F!C7,2) -> 1 | E8: =MOD('C'!D7+F!D7,2) -> 0 | F8: =MOD('C'!E7+F!E7,2) -> 0 | G8: =MOD('C'!F7+F!F7,2) -> 1 | H8: =MOD('C'!G7+F!G7,2) -> 0 | I8: =MOD('C'!H7+F!H7,2) -> 0 | J8: =MOD('C'!I7+F!I7,2) -> 0 | ... AG8: =MOD('C'!AF7+F!AF7,2) -> 0
C9: =MOD('C'!B8+F!B8,2) -> 0 | D9: =MOD('C'!C8+F!C8,2) -> 0 | E9: =MOD('C'!D8+F!D8,2) -> 1 | F9: =MOD('C'!E8+F!E8,2) -> 0 | G9: =MOD('C'!F8+F!F8,2) -> 1 | H9: =MOD('C'!G8+F!G8,2) -> 0 | I9: =MOD('C'!H8+F!H8,2) -> 0 | J9: =MOD('C'!I8+F!I8,2) -> 0 | ... AG9: =MOD('C'!AF8+F!AF8,2) -> 0
C10: =MOD('C'!B9+F!B9,2) -> 1 | D10: =MOD('C'!C9+F!C9,2) -> 1 | E10: =MOD('C'!D9+F!D9,2) -> 1 | F10: =MOD('C'!E9+F!E9,2) -> 1 | G10: =MOD('C'!F9+F!F9,2) -> 1 | H10: =MOD('C'!G9+F!G9,2) -> 1 | I10: =MOD('C'!H9+F!H9,2) -> 1 | J10: =MOD('C'!I9+F!I9,2) -> 0 | ... AG10: =MOD('C'!AF9+F!AF9,2) -> 0
C11: =MOD('C'!B10+F!B10,2) -> 1 | D11: =MOD('C'!C10+F!C10,2) -> 0 | E11: =MOD('C'!D10+F!D10,2) -> 1 | F11: =MOD('C'!E10+F!E10,2) -> 0 | G11: =MOD('C'!F10+F!F10,2) -> 1 | H11: =MOD('C'!G10+F!G10,2) -> 0 | I11: =MOD('C'!H10+F!H10,2) -> 0 | J11: =MOD('C'!I10+F!I10,2) -> 0 | ... AG11: =MOD('C'!AF10+F!AF10,2) -> 0
C12: =MOD('C'!B11+F!B11,2) -> 1 | D12: =MOD('C'!C11+F!C11,2) -> 0 | E12: =MOD('C'!D11+F!D11,2) -> 0 | F12: =MOD('C'!E11+F!E11,2) -> 0 | G12: =MOD('C'!F11+F!F11,2) -> 1 | H12: =MOD('C'!G11+F!G11,2) -> 0 | I12: =MOD('C'!H11+F!H11,2) -> 0 | J12: =MOD('C'!I11+F!I11,2) -> 0 | ... AG12: =MOD('C'!AF11+F!AF11,2) -> 0
C13: =MOD('C'!B12+F!B12,2) -> 0 | D13: =MOD('C'!C12+F!C12,2) -> 0 | E13: =MOD('C'!D12+F!D12,2) -> 1 | F13: =MOD('C'!E12+F!E12,2) -> 0 | G13: =MOD('C'!F12+F!F12,2) -> 0 | H13: =MOD('C'!G12+F!G12,2) -> 0 | I13: =MOD('C'!H12+F!H12,2) -> 0 | J13: =MOD('C'!I12+F!I12,2) -> 0 | ... AG13: =MOD('C'!AF12+F!AF12,2) -> 0
C14: =MOD('C'!B13+F!B13,2) -> 0 | D14: =MOD('C'!C13+F!C13,2) -> 0 | E14: =MOD('C'!D13+F!D13,2) -> 0 | F14: =MOD('C'!E13+F!E13,2) -> 1 | G14: =MOD('C'!F13+F!F13,2) -> 0 | H14: =MOD('C'!G13+F!G13,2) -> 0 | I14: =MOD('C'!H13+F!H13,2) -> 0 | J14: =MOD('C'!I13+F!I13,2) -> 0 | ... AG14: =MOD('C'!AF13+F!AF13,2) -> 0
... C34: =MOD('C'!B33+F!B33,2) -> 1 | D34: =MOD('C'!C33+F!C33,2) -> 1 | E34: =MOD('C'!D33+F!D33,2) -> 1 | F34: =MOD('C'!E33+F!E33,2) -> 1 | G34: =MOD('C'!F33+F!F33,2) -> 1 | H34: =MOD('C'!G33+F!G33,2) -> 1 | I34: =MOD('C'!H33+F!H33,2) -> 1 | J34: =MOD('C'!I33+F!I33,2) -> 1 | ... AG34: =MOD('C'!AF33+F!AF33,2) -> 1

Sheet P
B2: =MOD('C'!B2+F!B2,2) -> 0 | C2: =MOD('C'!C2+F!C2,2) -> 0 | D2: =MOD('C'!D2+F!D2,2) -> 0 | E2: =MOD('C'!E2+F!E2,2) -> 0 | F2: =MOD('C'!F2+F!F2,2) -> 0 | G2: =MOD('C'!G2+F!G2,2) -> 0 | H2: =MOD('C'!H2+F!H2,2) -> 0 | I2: =MOD('C'!I2+F!I2,2) -> 0 | ... U2: =MOD('C'!U2+F!U2,2) -> 0 | W2: F+C+P=0
B3: =MOD('C'!B3+F!B3,2) -> 1 | C3: =MOD('C'!C3+F!C3,2) -> 0 | D3: =MOD('C'!D3+F!D3,2) -> 0 | E3: =MOD('C'!E3+F!E3,2) -> 0 | F3: =MOD('C'!F3+F!F3,2) -> 0 | G3: =MOD('C'!G3+F!G3,2) -> 0 | H3: =MOD('C'!H3+F!H3,2) -> 0 | I3: =MOD('C'!I3+F!I3,2) -> 0 | ... U3: =MOD('C'!U3+F!U3,2) -> 0
B4: =MOD('C'!B4+F!B4,2) -> 1 | C4: =MOD('C'!C4+F!C4,2) -> 0 | D4: =MOD('C'!D4+F!D4,2) -> 0 | E4: =MOD('C'!E4+F!E4,2) -> 0 | F4: =MOD('C'!F4+F!F4,2) -> 0 | G4: =MOD('C'!G4+F!G4,2) -> 0 | H4: =MOD('C'!H4+F!H4,2) -> 0 | I4: =MOD('C'!I4+F!I4,2) -> 0 | ... U4: =MOD('C'!U4+F!U4,2) -> 0
B5: =MOD('C'!B5+F!B5,2) -> 1 | C5: =MOD('C'!C5+F!C5,2) -> 1 | D5: =MOD('C'!D5+F!D5,2) -> 1 | E5: =MOD('C'!E5+F!E5,2) -> 0 | F5: =MOD('C'!F5+F!F5,2) -> 0 | G5: =MOD('C'!G5+F!G5,2) -> 0 | H5: =MOD('C'!H5+F!H5,2) -> 0 | I5: =MOD('C'!I5+F!I5,2) -> 0 | ... U5: =MOD('C'!U5+F!U5,2) -> 0
B6: =MOD('C'!B6+F!B6,2) -> 0 | C6: =MOD('C'!C6+F!C6,2) -> 0 | D6: =MOD('C'!D6+F!D6,2) -> 0 | E6: =MOD('C'!E6+F!E6,2) -> 0 | F6: =MOD('C'!F6+F!F6,2) -> 0 | G6: =MOD('C'!G6+F!G6,2) -> 0 | H6: =MOD('C'!H6+F!H6,2) -> 0 | I6: =MOD('C'!I6+F!I6,2) -> 0 | ... U6: =MOD('C'!U6+F!U6,2) -> 0
B7: =MOD('C'!B7+F!B7,2) -> 0 | C7: =MOD('C'!C7+F!C7,2) -> 1 | D7: =MOD('C'!D7+F!D7,2) -> 0 | E7: =MOD('C'!E7+F!E7,2) -> 0 | F7: =MOD('C'!F7+F!F7,2) -> 1 | G7: =MOD('C'!G7+F!G7,2) -> 0 | H7: =MOD('C'!H7+F!H7,2) -> 0 | I7: =MOD('C'!I7+F!I7,2) -> 0 | ... U7: =MOD('C'!U7+F!U7,2) -> 0
B8: =MOD('C'!B8+F!B8,2) -> 0 | C8: =MOD('C'!C8+F!C8,2) -> 0 | D8: =MOD('C'!D8+F!D8,2) -> 1 | E8: =MOD('C'!E8+F!E8,2) -> 0 | F8: =MOD('C'!F8+F!F8,2) -> 1 | G8: =MOD('C'!G8+F!G8,2) -> 0 | H8: =MOD('C'!H8+F!H8,2) -> 0 | I8: =MOD('C'!I8+F!I8,2) -> 0 | ... U8: =MOD('C'!U8+F!U8,2) -> 0
B9: =MOD('C'!B9+F!B9,2) -> 1 | C9: =MOD('C'!C9+F!C9,2) -> 1 | D9: =MOD('C'!D9+F!D9,2) -> 1 | E9: =MOD('C'!E9+F!E9,2) -> 1 | F9: =MOD('C'!F9+F!F9,2) -> 1 | G9: =MOD('C'!G9+F!G9,2) -> 1 | H9: =MOD('C'!H9+F!H9,2) -> 1 | I9: =MOD('C'!I9+F!I9,2) -> 0 | ... U9: =MOD('C'!U9+F!U9,2) -> 0
B10: =MOD('C'!B10+F!B10,2) -> 1 | C10: =MOD('C'!C10+F!C10,2) -> 0 | D10: =MOD('C'!D10+F!D10,2) -> 1 | E10: =MOD('C'!E10+F!E10,2) -> 0 | F10: =MOD('C'!F10+F!F10,2) -> 1 | G10: =MOD('C'!G10+F!G10,2) -> 0 | H10: =MOD('C'!H10+F!H10,2) -> 0 | I10: =MOD('C'!I10+F!I10,2) -> 0 | ... U10: =MOD('C'!U10+F!U10,2) -> 0
B11: =MOD('C'!B11+F!B11,2) -> 1 | C11: =MOD('C'!C11+F!C11,2) -> 0 | D11: =MOD('C'!D11+F!D11,2) -> 0 | E11: =MOD('C'!E11+F!E11,2) -> 0 | F11: =MOD('C'!F11+F!F11,2) -> 1 | G11: =MOD('C'!G11+F!G11,2) -> 0 | H11: =MOD('C'!H11+F!H11,2) -> 0 | I11: =MOD('C'!I11+F!I11,2) -> 0 | ... U11: =MOD('C'!U11+F!U11,2) -> 0
B12: =MOD('C'!B12+F!B12,2) -> 0 | C12: =MOD('C'!C12+F!C12,2) -> 0 | D12: =MOD('C'!D12+F!D12,2) -> 1 | E12: =MOD('C'!E12+F!E12,2) -> 0 | F12: =MOD('C'!F12+F!F12,2) -> 0 | G12: =MOD('C'!G12+F!G12,2) -> 0 | H12: =MOD('C'!H12+F!H12,2) -> 0 | I12: =MOD('C'!I12+F!I12,2) -> 0 | ... U12: =MOD('C'!U12+F!U12,2) -> 0
B13: =MOD('C'!B13+F!B13,2) -> 0 | C13: =MOD('C'!C13+F!C13,2) -> 0 | D13: =MOD('C'!D13+F!D13,2) -> 0 | E13: =MOD('C'!E13+F!E13,2) -> 1 | F13: =MOD('C'!F13+F!F13,2) -> 0 | G13: =MOD('C'!G13+F!G13,2) -> 0 | H13: =MOD('C'!H13+F!H13,2) -> 0 | I13: =MOD('C'!I13+F!I13,2) -> 0 | ... U13: =MOD('C'!U13+F!U13,2) -> 0
B14: =MOD('C'!B14+F!B14,2) -> 0 | C14: =MOD('C'!C14+F!C14,2) -> 0 | D14: =MOD('C'!D14+F!D14,2) -> 1 | E14: =MOD('C'!E14+F!E14,2) -> 0 | F14: =MOD('C'!F14+F!F14,2) -> 1 | G14: =MOD('C'!G14+F!G14,2) -> 0 | H14: =MOD('C'!H14+F!H14,2) -> 0 | I14: =MOD('C'!I14+F!I14,2) -> 0 | ... U14: =MOD('C'!U14+F!U14,2) -> 0
... B22: =MOD('C'!B22+F!B22,2) -> 1 | C22: =MOD('C'!C22+F!C22,2) -> 0 | D22: =MOD('C'!D22+F!D22,2) -> 0 | E22: =MOD('C'!E22+F!E22,2) -> 0 | F22: =MOD('C'!F22+F!F22,2) -> 1 | G22: =MOD('C'!G22+F!G22,2) -> 0 | H22: =MOD('C'!H22+F!H22,2) -> 0 | I22: =MOD('C'!I22+F!I22,2) -> 0 | ... U22: =MOD('C'!U22+F!U22,2) -> 0

Sheet Q
B3: 1
B4: 1 | C4: 0
B5: 1 | C5: 1 | D5: 0
B6: 0 | C6: 0 | D6: 0 | E6: 0
B7: 0 | C7: 1 | D7: 0 | E7: 0 | F7: 0
B8: 0 | C8: 0 | D8: 1 | E8: 0 | F8: 0 | G8: 0
B9: 1 | C9: 1 | D9: 0 | E9: 0 | F9: 0 | G9: 0 | H9: 0
B10: 0 | C10: 0 | D10: 0 | E10: 0 | F10: 1 | G10: 0 | H10: 0 | I10: 0
B11: 1 | C11: 0 | D11: 0 | E11: 0 | F11: 0 | G11: 0 | H11: 0 | I11: 0 | J11: 0
B12: 1 | C12: 0 | D12: 1 | E12: 0 | F12: 0 | G12: 0 | H12: 0 | I12: 0 | J12: 0 | K12: 0
B13: 0 | C13: 0 | D13: 0 | E13: 1 | F13: 0 | G13: 0 | H13: 0 | I13: 0 | J13: 0 | K13: 0 | L13: 0
B14: 1 | C14: 0 | D14: 1 | E14: 0 | F14: 1 | G14: 0 | H14: 0 | I14: 0 | J14: 1 | K14: 0 | L14: 0 | M14: 0
B15: 1 | C15: 1 | D15: 1 | E15: 1 | F15: 0 | G15: 0 | H15: 0 | I15: 0 | J15: 1 | K15: 1 | L15: 1 | M15: 1 | N15: 0
B16: 0 | C16: 0 | D16: 1 | E16: 0 | F16: 0 | G16: 0 | H16: 0 | I16: 0 | J16: 0 | K16: 0 | L16: 0 | M16: 0 | N16: 0 | O16: 0
B17: 1 | C17: 1 | D17: 0 | E17: 0 | F17: 0 | G17: 0 | H17: 0 | I17: 0 | J17: 0 | K17: 0 | L17: 0 | M17: 0 | N17: 0 | O17: 0 | P17: 0
B18: 1 | C18: 0 | D18: 0 | E18: 0 | F18: 1 | G18: 0 | H18: 0 | I18: 0 | J18: 0 | K18: 0 | L18: 0 | M18: 0 | N18: 0 | O18: 0 | P18: 0 | Q18: 0
B19: 0 | C19: 0 | D19: 0 | E19: 0 | F19: 0 | G19: 0 | H19: 0 | I19: 0 | J19: 0 | K19: 1 | L19: 0 | M19: 0 | N19: 0 | O19: 0 | P19: 0 | Q19: 0 | R19: 0
B20: 0 | C20: 0 | D20: 0 | E20: 0 | F20: 1 | G20: 0 | H20: 0 | I20: 0 | J20: 1 | K20: 0 | L20: 0 | M20: 0 | N20: 0 | O20: 0 | P20: 1 | Q20: 0 | R20: 0 | S20: 0
B21: 1 | C21: 1 | D21: 0 | E21: 0 | F21: 0 | G21: 0 | H21: 0 | I21: 0 | J21: 0 | K21: 0 | L21: 0 | M21: 0 | N21: 0 | O21: 0 | P21: 0 | Q21: 0 | R21: 0 | S21: 0 | T21: 0
B22: 0 | C22: 0 | D22: 1 | E22: 0 | F22: 1 | G22: 0 | H22: 1 | I22: 0 | J22: 0 | K22: 0 | L22: 1 | M22: 0 | N22: 1 | O22: 0 | P22: 0 | Q22: 0 | R22: 0 | S22: 0 | T22: 0 | U22: 0

Sheet P+Q
B2: =MOD(P!B2+Q!B2,2) -> 0 | C2: =MOD(P!C2+Q!C2,2) -> 0 | D2: =MOD(P!D2+Q!D2,2) -> 0 | E2: =MOD(P!E2+Q!E2,2) -> 0 | F2: =MOD(P!F2+Q!F2,2) -> 0 | G2: =MOD(P!G2+Q!G2,2) -> 0 | H2: =MOD(P!H2+Q!H2,2) -> 0 | I2: =MOD(P!I2+Q!I2,2) -> 0 | ... U2: =MOD(P!U2+Q!U2,2) -> 0
B3: =MOD(P!B3+Q!B3,2) -> 0 | C3: =MOD(P!C3+Q!C3,2) -> 0 | D3: =MOD(P!D3+Q!D3,2) -> 0 | E3: =MOD(P!E3+Q!E3,2) -> 0 | F3: =MOD(P!F3+Q!F3,2) -> 0 | G3: =MOD(P!G3+Q!G3,2) -> 0 | H3: =MOD(P!H3+Q!H3,2) -> 0 | I3: =MOD(P!I3+Q!I3,2) -> 0 | ... U3: =MOD(P!U3+Q!U3,2) -> 0
B4: =MOD(P!B4+Q!B4,2) -> 0 | C4: =MOD(P!C4+Q!C4,2) -> 0 | D4: =MOD(P!D4+Q!D4,2) -> 0 | E4: =MOD(P!E4+Q!E4,2) -> 0 | F4: =MOD(P!F4+Q!F4,2) -> 0 | G4: =MOD(P!G4+Q!G4,2) -> 0 | H4: =MOD(P!H4+Q!H4,2) -> 0 | I4: =MOD(P!I4+Q!I4,2) -> 0 | ... U4: =MOD(P!U4+Q!U4,2) -> 0
B5: =MOD(P!B5+Q!B5,2) -> 0 | C5: =MOD(P!C5+Q!C5,2) -> 0 | D5: =MOD(P!D5+Q!D5,2) -> 1 | E5: =MOD(P!E5+Q!E5,2) -> 0 | F5: =MOD(P!F5+Q!F5,2) -> 0 | G5: =MOD(P!G5+Q!G5,2) -> 0 | H5: =MOD(P!H5+Q!H5,2) -> 0 | I5: =MOD(P!I5+Q!I5,2) -> 0 | ... U5: =MOD(P!U5+Q!U5,2) -> 0
B6: =MOD(P!B6+Q!B6,2) -> 0 | C6: =MOD(P!C6+Q!C6,2) -> 0 | D6: =MOD(P!D6+Q!D6,2) -> 0 | E6: =MOD(P!E6+Q!E6,2) -> 0 | F6: =MOD(P!F6+Q!F6,2) -> 0 | G6: =MOD(P!G6+Q!G6,2) -> 0 | H6: =MOD(P!H6+Q!H6,2) -> 0 | I6: =MOD(P!I6+Q!I6,2) -> 0 | ... U6: =MOD(P!U6+Q!U6,2) -> 0
B7: =MOD(P!B7+Q!B7,2) -> 0 | C7: =MOD(P!C7+Q!C7,2) -> 0 | D7: =MOD(P!D7+Q!D7,2) -> 0 | E7: =MOD(P!E7+Q!E7,2) -> 0 | F7: =MOD(P!F7+Q!F7,2) -> 1 | G7: =MOD(P!G7+Q!G7,2) -> 0 | H7: =MOD(P!H7+Q!H7,2) -> 0 | I7: =MOD(P!I7+Q!I7,2) -> 0 | ... U7: =MOD(P!U7+Q!U7,2) -> 0
B8: =MOD(P!B8+Q!B8,2) -> 0 | C8: =MOD(P!C8+Q!C8,2) -> 0 | D8: =MOD(P!D8+Q!D8,2) -> 0 | E8: =MOD(P!E8+Q!E8,2) -> 0 | F8: =MOD(P!F8+Q!F8,2) -> 1 | G8: =MOD(P!G8+Q!G8,2) -> 0 | H8: =MOD(P!H8+Q!H8,2) -> 0 | I8: =MOD(P!I8+Q!I8,2) -> 0 | ... U8: =MOD(P!U8+Q!U8,2) -> 0
B9: =MOD(P!B9+Q!B9,2) -> 0 | C9: =MOD(P!C9+Q!C9,2) -> 0 | D9: =MOD(P!D9+Q!D9,2) -> 1 | E9: =MOD(P!E9+Q!E9,2) -> 1 | F9: =MOD(P!F9+Q!F9,2) -> 1 | G9: =MOD(P!G9+Q!G9,2) -> 1 | H9: =MOD(P!H9+Q!H9,2) -> 1 | I9: =MOD(P!I9+Q!I9,2) -> 0 | ... U9: =MOD(P!U9+Q!U9,2) -> 0
B10: =MOD(P!B10+Q!B10,2) -> 1 | C10: =MOD(P!C10+Q!C10,2) -> 0 | D10: =MOD(P!D10+Q!D10,2) -> 1 | E10: =MOD(P!E10+Q!E10,2) -> 0 | F10: =MOD(P!F10+Q!F10,2) -> 0 | G10: =MOD(P!G10+Q!G10,2) -> 0 | H10: =MOD(P!H10+Q!H10,2) -> 0 | I10: =MOD(P!I10+Q!I10,2) -> 0 | ... U10: =MOD(P!U10+Q!U10,2) -> 0
B11: =MOD(P!B11+Q!B11,2) -> 0 | C11: =MOD(P!C11+Q!C11,2) -> 0 | D11: =MOD(P!D11+Q!D11,2) -> 0 | E11: =MOD(P!E11+Q!E11,2) -> 0 | F11: =MOD(P!F11+Q!F11,2) -> 1 | G11: =MOD(P!G11+Q!G11,2) -> 0 | H11: =MOD(P!H11+Q!H11,2) -> 0 | I11: =MOD(P!I11+Q!I11,2) -> 0 | ... U11: =MOD(P!U11+Q!U11,2) -> 0
B12: =MOD(P!B12+Q!B12,2) -> 1 | C12: =MOD(P!C12+Q!C12,2) -> 0 | D12: =MOD(P!D12+Q!D12,2) -> 0 | E12: =MOD(P!E12+Q!E12,2) -> 0 | F12: =MOD(P!F12+Q!F12,2) -> 0 | G12: =MOD(P!G12+Q!G12,2) -> 0 | H12: =MOD(P!H12+Q!H12,2) -> 0 | I12: =MOD(P!I12+Q!I12,2) -> 0 | ... U12: =MOD(P!U12+Q!U12,2) -> 0
B13: =MOD(P!B13+Q!B13,2) -> 0 | C13: =MOD(P!C13+Q!C13,2) -> 0 | D13: =MOD(P!D13+Q!D13,2) -> 0 | E13: =MOD(P!E13+Q!E13,2) -> 0 | F13: =MOD(P!F13+Q!F13,2) -> 0 | G13: =MOD(P!G13+Q!G13,2) -> 0 | H13: =MOD(P!H13+Q!H13,2) -> 0 | I13: =MOD(P!I13+Q!I13,2) -> 0 | ... U13: =MOD(P!U13+Q!U13,2) -> 0
... B22: =MOD(P!B22+Q!B22,2) -> 1 | C22: =MOD(P!C22+Q!C22,2) -> 0 | D22: =MOD(P!D22+Q!D22,2) -> 1 | E22: =MOD(P!E22+Q!E22,2) -> 0 | F22: =MOD(P!F22+Q!F22,2) -> 0 | G22: =MOD(P!G22+Q!G22,2) -> 0 | H22: =MOD(P!H22+Q!H22,2) -> 1 | I22: =MOD(P!I22+Q!I22,2) -> 0 | ... U22: =MOD(P!U22+Q!U22,2) -> 0

Sheet A(u)
B1: A(u)=f(x)+xp(x)
B2: 1
B3: 0
B4: 1 | C4: 1
B5: 0 | C5: 1
B6: =MOD(B5+A4+B3+B2,2) -> 1 | C6: =MOD(C5+B4+C3+C2,2) -> 0 | D6: =MOD(D5+C4+D3+D2,2) -> 1 | E6: =MOD(E5+D4+E3+E2,2) -> 0 | F6: =MOD(F5+E4+F3+F2,2) -> 0 | G6: =MOD(G5+F4+G3+G2,2) -> 0 | H6: =MOD(H5+G4+H3+H2,2) -> 0 | I6: =MOD(I5+H4+I3+I2,2) -> 0 | ... AH6: =MOD(AH5+AG4+AH3+AH2,2) -> 0
B7: =MOD(B6+A5+B4+B3,2) -> 0 | C7: =MOD(C6+B5+C4+C3,2) -> 1 | D7: =MOD(D6+C5+D4+D3,2) -> 0 | E7: =MOD(E6+D5+E4+E3,2) -> 0 | F7: =MOD(F6+E5+F4+F3,2) -> 0 | G7: =MOD(G6+F5+G4+G3,2) -> 0 | H7: =MOD(H6+G5+H4+H3,2) -> 0 | I7: =MOD(I6+H5+I4+I3,2) -> 0 | ... AH7: =MOD(AH6+AG5+AH4+AH3,2) -> 0
B8: =MOD(B7+A6+B5+B4,2) -> 1 | C8: =MOD(C7+B6+C5+C4,2) -> 0 | D8: =MOD(D7+C6+D5+D4,2) -> 0 | E8: =MOD(E7+D6+E5+E4,2) -> 1 | F8: =MOD(F7+E6+F5+F4,2) -> 0 | G8: =MOD(G7+F6+G5+G4,2) -> 0 | H8: =MOD(H7+G6+H5+H4,2) -> 0 | I8: =MOD(I7+H6+I5+I4,2) -> 0 | ... AH8: =MOD(AH7+AG6+AH5+AH4,2) -> 0
B9: =MOD(B8+A7+B6+B5,2) -> 0 | C9: =MOD(C8+B7+C6+C5,2) -> 1 | D9: =MOD(D8+C7+D6+D5,2) -> 0 | E9: =MOD(E8+D7+E6+E5,2) -> 1 | F9: =MOD(F8+E7+F6+F5,2) -> 0 | G9: =MOD(G8+F7+G6+G5,2) -> 0 | H9: =MOD(H8+G7+H6+H5,2) -> 0 | I9: =MOD(I8+H7+I6+I5,2) -> 0 | ... AH9: =MOD(AH8+AG7+AH6+AH5,2) -> 0
B10: =MOD(B9+A8+B7+B6,2) -> 1 | C10: =MOD(C9+B8+C7+C6,2) -> 1 | D10: =MOD(D9+C8+D7+D6,2) -> 1 | E10: =MOD(E9+D8+E7+E6,2) -> 1 | F10: =MOD(F9+E8+F7+F6,2) -> 1 | G10: =MOD(G9+F8+G7+G6,2) -> 0 | H10: =MOD(H9+G8+H7+H6,2) -> 0 | I10: =MOD(I9+H8+I7+I6,2) -> 0 | ... AH10: =MOD(AH9+AG8+AH7+AH6,2) -> 0
B11: =MOD(B10+A9+B8+B7,2) -> 0 | C11: =MOD(C10+B9+C8+C7,2) -> 0 | D11: =MOD(D10+C9+D8+D7,2) -> 0 | E11: =MOD(E10+D9+E8+E7,2) -> 0 | F11: =MOD(F10+E9+F8+F7,2) -> 0 | G11: =MOD(G10+F9+G8+G7,2) -> 0 | H11: =MOD(H10+G9+H8+H7,2) -> 0 | I11: =MOD(I10+H9+I8+I7,2) -> 0 | ... AH11: =MOD(AH10+AG9+AH8+AH7,2) -> 0
B12: =MOD(B11+A10+B9+B8,2) -> 1 | C12: =MOD(C11+B10+C9+C8,2) -> 0 | D12: =MOD(D11+C10+D9+D8,2) -> 1 | E12: =MOD(E11+D10+E9+E8,2) -> 1 | F12: =MOD(F11+E10+F9+F8,2) -> 1 | G12: =MOD(G11+F10+G9+G8,2) -> 1 | H12: =MOD(H11+G10+H9+H8,2) -> 0 | I12: =MOD(I11+H10+I9+I8,2) -> 0 | ... AH12: =MOD(AH11+AG10+AH9+AH8,2) -> 0
B13: =MOD(B12+A11+B10+B9,2) -> 0 | C13: =MOD(C12+B11+C10+C9,2) -> 0 | D13: =MOD(D12+C11+D10+D9,2) -> 0 | E13: =MOD(E12+D11+E10+E9,2) -> 1 | F13: =MOD(F12+E11+F10+F9,2) -> 0 | G13: =MOD(G12+F11+G10+G9,2) -> 1 | H13: =MOD(H12+G11+H10+H9,2) -> 0 | I13: =MOD(I12+H11+I10+I9,2) -> 0 | ... AH13: =MOD(AH12+AG11+AH10+AH9,2) -> 0
B14: =MOD(B13+A12+B11+B10,2) -> 1 | C14: =MOD(C13+B12+C11+C10,2) -> 0 | D14: =MOD(D13+C12+D11+D10,2) -> 1 | E14: =MOD(E13+D12+E11+E10,2) -> 1 | F14: =MOD(F13+E12+F11+F10,2) -> 0 | G14: =MOD(G13+F12+G11+G10,2) -> 0 | H14: =MOD(H13+G12+H11+H10,2) -> 1 | I14: =MOD(I13+H12+I11+I10,2) -> 0 | ... AH14: =MOD(AH13+AG12+AH11+AH10,2) -> 0
B15: =MOD(B14+A13+B12+B11,2) -> 0 | C15: =MOD(C14+B13+C12+C11,2) -> 0 | D15: =MOD(D14+C13+D12+D11,2) -> 0 | E15: =MOD(E14+D13+E12+E11,2) -> 0 | F15: =MOD(F14+E13+F12+F11,2) -> 0 | G15: =MOD(G14+F13+G12+G11,2) -> 1 | H15: =MOD(H14+G13+H12+H11,2) -> 0 | I15: =MOD(I14+H13+I12+I11,2) -> 0 | ... AH15: =MOD(AH14+AG13+AH12+AH11,2) -> 0
B16: =MOD(B15+A14+B13+B12,2) -> 1 | C16: =MOD(C15+B14+C13+C12,2) -> 1 | D16: =MOD(D15+C14+D13+D12,2) -> 1 | E16: =MOD(E15+D14+E13+E12,2) -> 1 | F16: =MOD(F15+E14+F13+F12,2) -> 0 | G16: =MOD(G15+F14+G13+G12,2) -> 1 | H16: =MOD(H15+G14+H13+H12,2) -> 0 | I16: =MOD(I15+H14+I13+I12,2) -> 1 | ... AH16: =MOD(AH15+AG14+AH13+AH12,2) -> 0
B17: =MOD(B16+A15+B14+B13,2) -> 0 | C17: =MOD(C16+B15+C14+C13,2) -> 1 | D17: =MOD(D16+C15+D14+D13,2) -> 0 | E17: =MOD(E16+D15+E14+E13,2) -> 1 | F17: =MOD(F16+E15+F14+F13,2) -> 0 | G17: =MOD(G16+F15+G14+G13,2) -> 0 | H17: =MOD(H16+G15+H14+H13,2) -> 0 | I17: =MOD(I16+H15+I14+I13,2) -> 1 | ... AH17: =MOD(AH16+AG15+AH14+AH13,2) -> 0
... B66: =MOD(B65+A64+B63+B62,2) -> 1 | C66: =MOD(C65+B64+C63+C62,2) -> 0 | D66: =MOD(D65+C64+D63+D62,2) -> 0 | E66: =MOD(E65+D64+E63+E62,2) -> 1 | F66: =MOD(F65+E64+F63+F62,2) -> 1 | G66: =MOD(G65+F64+G63+G62,2) -> 1 | H66: =MOD(H65+G64+H63+H62,2) -> 0 | I66: =MOD(I65+H64+I63+I62,2) -> 1 | ... AH66: =MOD(AH65+AG64+AH63+AH62,2) -> 1

Sheet B(u)
B1: B(u)=p(x)
B2: 0
B3: 1
B4: 1 | C4: 0
B5: 1 | C5: 1
B6: =MOD(B5+A4+B3+B2,2) -> 0 | C6: =MOD(C5+B4+C3+C2,2) -> 0 | D6: =MOD(D5+C4+D3+D2,2) -> 0 | E6: =MOD(E5+D4+E3+E2,2) -> 0 | F6: =MOD(F5+E4+F3+F2,2) -> 0 | G6: =MOD(G5+F4+G3+G2,2) -> 0 | H6: =MOD(H5+G4+H3+H2,2) -> 0 | I6: =MOD(I5+H4+I3+I2,2) -> 0 | ... AG6: =MOD(AG5+AF4+AG3+AG2,2) -> 0
B7: =MOD(B6+A5+B4+B3,2) -> 0 | C7: =MOD(C6+B5+C4+C3,2) -> 1 | D7: =MOD(D6+C5+D4+D3,2) -> 1 | E7: =MOD(E6+D5+E4+E3,2) -> 0 | F7: =MOD(F6+E5+F4+F3,2) -> 0 | G7: =MOD(G6+F5+G4+G3,2) -> 0 | H7: =MOD(H6+G5+H4+H3,2) -> 0 | I7: =MOD(I6+H5+I4+I3,2) -> 0 | ... AG7: =MOD(AG6+AF5+AG4+AG3,2) -> 0
B8: =MOD(B7+A6+B5+B4,2) -> 0 | C8: =MOD(C7+B6+C5+C4,2) -> 0 | D8: =MOD(D7+C6+D5+D4,2) -> 1 | E8: =MOD(E7+D6+E5+E4,2) -> 0 | F8: =MOD(F7+E6+F5+F4,2) -> 0 | G8: =MOD(G7+F6+G5+G4,2) -> 0 | H8: =MOD(H7+G6+H5+H4,2) -> 0 | I8: =MOD(I7+H6+I5+I4,2) -> 0 | ... AG8: =MOD(AG7+AF6+AG5+AG4,2) -> 0
B9: =MOD(B8+A7+B6+B5,2) -> 1 | C9: =MOD(C8+B7+C6+C5,2) -> 1 | D9: =MOD(D8+C7+D6+D5,2) -> 0 | E9: =MOD(E8+D7+E6+E5,2) -> 1 | F9: =MOD(F8+E7+F6+F5,2) -> 0 | G9: =MOD(G8+F7+G6+G5,2) -> 0 | H9: =MOD(H8+G7+H6+H5,2) -> 0 | I9: =MOD(I8+H7+I6+I5,2) -> 0 | ... AG9: =MOD(AG8+AF7+AG6+AG5,2) -> 0
B10: =MOD(B9+A8+B7+B6,2) -> 1 | C10: =MOD(C9+B8+C7+C6,2) -> 0 | D10: =MOD(D9+C8+D7+D6,2) -> 1 | E10: =MOD(E9+D8+E7+E6,2) -> 0 | F10: =MOD(F9+E8+F7+F6,2) -> 0 | G10: =MOD(G9+F8+G7+G6,2) -> 0 | H10: =MOD(H9+G8+H7+H6,2) -> 0 | I10: =MOD(I9+H8+I7+I6,2) -> 0 | ... AG10: =MOD(AG9+AF8+AG7+AG6,2) -> 0
B11: =MOD(B10+A9+B8+B7,2) -> 1 | C11: =MOD(C10+B9+C8+C7,2) -> 0 | D11: =MOD(D10+C9+D8+D7,2) -> 0 | E11: =MOD(E10+D9+E8+E7,2) -> 0 | F11: =MOD(F10+E9+F8+F7,2) -> 1 | G11: =MOD(G10+F9+G8+G7,2) -> 0 | H11: =MOD(H10+G9+H8+H7,2) -> 0 | I11: =MOD(I10+H9+I8+I7,2) -> 0 | ... AG11: =MOD(AG10+AF9+AG8+AG7,2) -> 0
B12: =MOD(B11+A10+B9+B8,2) -> 0 | C12: =MOD(C11+B10+C9+C8,2) -> 0 | D12: =MOD(D11+C10+D9+D8,2) -> 1 | E12: =MOD(E11+D10+E9+E8,2) -> 0 | F12: =MOD(F11+E10+F9+F8,2) -> 1 | G12: =MOD(G11+F10+G9+G8,2) -> 0 | H12: =MOD(H11+G10+H9+H8,2) -> 0 | I12: =MOD(I11+H10+I9+I8,2) -> 0 | ... AG12: =MOD(AG11+AF10+AG9+AG8,2) -> 0
B13: =MOD(B12+A11+B10+B9,2) -> 0 | C13: =MOD(C12+B11+C10+C9,2) -> 0 | D13: =MOD(D12+C11+D10+D9,2) -> 0 | E13: =MOD(E12+D11+E10+E9,2) -> 1 | F13: =MOD(F12+E11+F10+F9,2) -> 1 | G13: =MOD(G12+F11+G10+G9,2) -> 1 | H13: =MOD(H12+G11+H10+H9,2) -> 0 | I13: =MOD(I12+H11+I10+I9,2) -> 0 | ... AG13: =MOD(AG12+AF11+AG10+AG9,2) -> 0
B14: =MOD(B13+A12+B11+B10,2) -> 0 | C14: =MOD(C13+B12+C11+C10,2) -> 0 | D14: =MOD(D13+C12+D11+D10,2) -> 1 | E14: =MOD(E13+D12+E11+E10,2) -> 0 | F14: =MOD(F13+E12+F11+F10,2) -> 0 | G14: =MOD(G13+F12+G11+G10,2) -> 0 | H14: =MOD(H13+G12+H11+H10,2) -> 0 | I14: =MOD(I13+H12+I11+I10,2) -> 0 | ... AG14: =MOD(AG13+AF12+AG11+AG10,2) -> 0
B15: =MOD(B14+A13+B12+B11,2) -> 1 | C15: =MOD(C14+B13+C12+C11,2) -> 0 | D15: =MOD(D14+C13+D12+D11,2) -> 0 | E15: =MOD(E14+D13+E12+E11,2) -> 0 | F15: =MOD(F14+E13+F12+F11,2) -> 1 | G15: =MOD(G14+F13+G12+G11,2) -> 1 | H15: =MOD(H14+G13+H12+H11,2) -> 1 | I15: =MOD(I14+H13+I12+I11,2) -> 0 | ... AG15: =MOD(AG14+AF13+AG12+AG11,2) -> 0
B16: =MOD(B15+A14+B13+B12,2) -> 1 | C16: =MOD(C15+B14+C13+C12,2) -> 0 | D16: =MOD(D15+C14+D13+D12,2) -> 1 | E16: =MOD(E15+D14+E13+E12,2) -> 0 | F16: =MOD(F15+E14+F13+F12,2) -> 1 | G16: =MOD(G15+F14+G13+G12,2) -> 0 | H16: =MOD(H15+G14+H13+H12,2) -> 1 | I16: =MOD(I15+H14+I13+I12,2) -> 0 | ... AG16: =MOD(AG15+AF14+AG13+AG12,2) -> 0
B17: =MOD(B16+A15+B14+B13,2) -> 1 | C17: =MOD(C16+B15+C14+C13,2) -> 1 | D17: =MOD(D16+C15+D14+D13,2) -> 0 | E17: =MOD(E16+D15+E14+E13,2) -> 1 | F17: =MOD(F16+E15+F14+F13,2) -> 0 | G17: =MOD(G16+F15+G14+G13,2) -> 0 | H17: =MOD(H16+G15+H14+H13,2) -> 0 | I17: =MOD(I16+H15+I14+I13,2) -> 1 | ... AG17: =MOD(AG16+AF15+AG14+AG13,2) -> 0
... B66: =MOD(B65+A64+B63+B62,2) -> 0 | C66: =MOD(C65+B64+C63+C62,2) -> 0 | D66: =MOD(D65+C64+D63+D62,2) -> 1 | E66: =MOD(E65+D64+E63+E62,2) -> 0 | F66: =MOD(F65+E64+F63+F62,2) -> 1 | G66: =MOD(G65+F64+G63+G62,2) -> 0 | H66: =MOD(H65+G64+H63+H62,2) -> 1 | I66: =MOD(I65+H64+I63+I62,2) -> 0 | ... AG66: =MOD(AG65+AF64+AG63+AG62,2) -> 0

Sheet G(u)
B1: g(u)=gcd(A,B)
B2: 1
B3: 1
B4: 1
B5: 1
B6: 1 | C6: 0 | D6: 1
B7: 0 | C7: 1
B8: 1
B9: 1
B10: 1
B11: 1 | C11: 0 | D11: 0 | E11: 0 | F11: 1
B12: 1
B13: 0 | C13: 0 | D13: 0 | E13: 1
B14: 1
B15: 1
B16: 1 | C16: 0 | D16: 1
B17: 1
B18: 1 | C18: 0 | D18: 1 | E18: 0 | F18: 1
B19: 0 | C19: 1
B20: 1
B21: 1 | C21: 0 | D21: 0 | E21: 0 | F21: 0 | G21: 0 | H21: 0 | I21: 0 | J21: 1
B22: 1
B23: 1
B24: 1
B25: 0 | C25: 0 | D25: 0 | E25: 0 | F25: 0 | G25: 0 | H25: 0 | I25: 1
B26: 1 | C26: 0 | D26: 1
B27: 1
B28: 1
B29: 1
B30: 1
B31: 0 | C31: 1 | D31: 0 | E31: 0 | F31: 0 | G31: 1
B32: 1 | C32: 0 | D32: 0 | E32: 0 | F32: 1 | G32: 0 | H32: 0 | I32: 0 | J32: 0 | K32: 0 | L32: 1
B33: 1
B34: 1 | C34: 0 | D34: 0 | E34: 0 | F34: 0 | G34: 0 | H34: 1 | I34: 0 | J34: 0 | K34: 0 | L34: 1
B35: 1 | C35: 0 | D35: 0 | E35: 0 | F35: 1 | G35: 0 | H35: 0 | I35: 0 | J35: 1
B36: 1 | C36: 0 | D36: 1
B37: 0 | C37: 0 | D37: 0 | E37: 1
B38: 1
B39: 1
B40: 1
B41: 1 | C41: 0 | D41: 0 | E41: 0 | F41: 0 | G41: 0 | H41: 0 | I41: 0 | J41: 0 | K41: 0 | L41: 0 | M41: 0 | N41: 0 | O41: 0 | P41: 0 | Q41: 0 | R41: 1
B42: 1
B43: 0 | C43: 1
B44: 1
B45: 1
B46: 1 | C46: 0 | D46: 1
B47: 1
B48: 1
B49: 0 | C49: 0 | D49: 0 | E49: 0 | F49: 0 | G49: 0 | H49: 0 | I49: 0 | J49: 0 | K49: 0 | L49: 0 | M49: 0 | N49: 0 | O49: 0 | P49: 0 | Q49: 1
B50: 1
B51: 1 | C51: 0 | D51: 0 | E51: 0 | F51: 1
B52: 1 | C52: 0 | D52: 1 | E52: 0 | F52: 1
B53: 1
B54: 1
B55: 0 | C55: 1
B56: 1 | C56: 0 | D56: 1
B57: 1
B58: 1
B59: 1
B60: 1
B61: 0 | C61: 0 | D61: 0 | E61: 1 | F61: 0 | G61: 0 | H61: 0 | I61: 0 | J61: 0 | K61: 0 | L61: 0 | M61: 1
B62: 1
B63: 1 | C63: 0 | D63: 0 | E63: 0 | F63: 0 | G63: 0 | H63: 0 | I63: 0 | J63: 1 | K63: 0 | L63: 0 | M63: 0 | N63: 0 | O63: 0 | P63: 0 | Q63: 0 | R63: 0 | S63: 0 | T63: 0 | U63: 0 | V63: 1
B64: 1 | C64: 0 | D64: 1 | E64: 0 | F64: 1 | G64: 0 | H64: 1 | I64: 0 | J64: 1 | K64: 0 | L64: 1 | M64: 0 | N64: 1
B65: 1
B66: 1 | C66: 0 | D66: 1 | E66: 0 | F66: 0 | G66: 0 | H66: 1 | I66: 0 | J66: 1 | K66: 0 | L66: 0 | M66: 0 | N66: 1 | O66: 0 | P66: 1

Sheet gcd(f,g)
A1: n | B1: g(x)=g(x+1)
A2: 0 | B2: 1
A3: 0 | B3: 1 | C3: 0
A4: 0 | B4: 1 | C4: 0 | D4: 0
A5: 0 | B5: 1 | C5: 0 | D5: 0 | E5: 0
A6: 4 | B6: 1 | C6: 0 | D6: 1 | E6: 0 | F6: 1
A7: 2 | B7: 0 | C7: 1 | D7: 1 | E7: 0 | F7: 0 | G7: 0
A8: 0 | B8: 1 | C8: 0 | D8: 0 | E8: 0 | F8: 0 | G8: 0 | H8: 0
A9: 0 | B9: 1 | C9: 0 | D9: 0 | E9: 0 | F9: 0 | G9: 0 | H9: 0 | I9: 0
A10: 0 | B10: 1 | C10: 0 | D10: 0 | E10: 0 | F10: 0 | G10: 0 | H10: 0 | I10: 0 | J10: 0
A11: 8 | B11: 1 | C11: 0 | D11: 0 | E11: 0 | F11: 1 | G11: 0 | H11: 0 | I11: 0 | J11: 1 | K11: 0
A12: 0 | B12: 1 | C12: 0 | D12: 0 | E12: 0 | F12: 0 | G12: 0 | H12: 0 | I12: 0 | J12: 0 | K12: 0 | L12: 0
A13: 6 | B13: 0 | C13: 0 | D13: 0 | E13: 1 | F13: 1 | G13: 1 | H13: 1 | I13: 0 | J13: 0 | K13: 0 | L13: 0 | M13: 0
A14: 0 | B14: 1 | C14: 0 | D14: 0 | E14: 0 | F14: 0 | G14: 0 | H14: 0 | I14: 0 | J14: 0 | K14: 0 | L14: 0 | M14: 0 | N14: 0
A15: 0 | B15: 1 | C15: 0 | D15: 0 | E15: 0 | F15: 0 | G15: 0 | H15: 0 | I15: 0 | J15: 0 | K15: 0 | L15: 0 | M15: 0 | N15: 0 | O15: 0
A16: 4 | B16: 1 | C16: 0 | D16: 1 | E16: 0 | F16: 1 | G16: 0 | H16: 0 | I16: 0 | J16: 0 | K16: 0 | L16: 0 | M16: 0 | N16: 0 | O16: 0 | P16: 0
A17: 0 | B17: 1 | C17: 0 | D17: 0 | E17: 0 | F17: 0 | G17: 0 | H17: 0 | I17: 0 | J17: 0 | K17: 0 | L17: 0 | M17: 0 | N17: 0 | O17: 0 | P17: 0 | Q17: 0
A18: 8 | B18: 1 | C18: 0 | D18: 1 | E18: 0 | F18: 0 | G18: 0 | H18: 0 | I18: 0 | J18: 1 | K18: 0 | L18: 0 | M18: 0 | N18: 0 | O18: 0 | P18: 0 | Q18: 0 | R18: 0
A19: 2 | B19: 0 | C19: 1 | D19: 1 | E19: 0 | F19: 0 | G19: 0 | H19: 0 | I19: 0 | J19: 0 | K19: 0 | L19: 0 | M19: 0 | N19: 0 | O19: 0 | P19: 0 | Q19: 0 | R19: 0 | S19: 0
A20: 0 | B20: 1 | C20: 0 | D20: 0 | E20: 0 | F20: 0 | G20: 0 | H20: 0 | I20: 0 | J20: 0 | K20: 0 | L20: 0 | M20: 0 | N20: 0 | O20: 0 | P20: 0 | Q20: 0 | R20: 0 | S20: 0 | T20: 0
A21: 16 | B21: 1 | C21: 0 | D21: 0 | E21: 0 | F21: 0 | G21: 0 | H21: 0 | I21: 0 | J21: 1 | K21: 0 | L21: 0 | M21: 0 | N21: 0 | O21: 0 | P21: 0 | Q21: 0 | R21: 1 | S21: 0 | T21: 0 | U21: 0
A22: 0 | B22: 1 | C22: 0 | D22: 0 | E22: 0 | F22: 0 | G22: 0 | H22: 0 | I22: 0 | J22: 0 | K22: 0 | L22: 0 | M22: 0 | N22: 0 | O22: 0 | P22: 0 | Q22: 0 | R22: 0 | S22: 0 | T22: 0 | U22: 0 | V22: 0
A23: 0 | B23: 1 | C23: 0 | D23: 0 | E23: 0 | F23: 0 | G23: 0 | H23: 0 | I23: 0 | J23: 0 | K23: 0 | L23: 0 | M23: 0 | N23: 0 | O23: 0 | P23: 0 | Q23: 0 | R23: 0 | S23: 0 | T23: 0 | U23: 0 | V23: 0 | W23: 0
A24: 0 | B24: 1 | C24: 0 | D24: 0 | E24: 0 | F24: 0 | G24: 0 | H24: 0 | I24: 0 | J24: 0 | K24: 0 | L24: 0 | M24: 0 | N24: 0 | O24: 0 | P24: 0 | Q24: 0 | R24: 0 | S24: 0 | T24: 0 | U24: 0 | V24: 0 | W24: 0 | X24: 0
A25: 14 | B25: 0 | C25: 0 | D25: 0 | E25: 0 | F25: 0 | G25: 0 | H25: 0 | I25: 1 | J25: 1 | K25: 1 | L25: 1 | M25: 1 | N25: 1 | O25: 1 | P25: 1 | Q25: 0 | R25: 0 | S25: 0 | T25: 0 | U25: 0 | V25: 0 | W25: 0 | X25: 0 | Y25: 0
A26: 4 | B26: 1 | C26: 0 | D26: 1 | E26: 0 | F26: 1 | G26: 0 | H26: 0 | I26: 0 | J26: 0 | K26: 0 | L26: 0 | M26: 0 | N26: 0 | O26: 0 | P26: 0 | Q26: 0 | R26: 0 | S26: 0 | T26: 0 | U26: 0 | V26: 0 | W26: 0 | X26: 0 | Y26: 0 | Z26: 0
A27: 0 | B27: 1 | C27: 0 | D27: 0 | E27: 0 | F27: 0 | G27: 0 | H27: 0 | I27: 0 | J27: 0 | K27: 0 | L27: 0 | M27: 0 | N27: 0 | O27: 0 | P27: 0 | Q27: 0 | R27: 0 | S27: 0 | T27: 0 | U27: 0 | V27: 0 | W27: 0 | X27: 0 | Y27: 0 | Z27: 0 | AA27: 0
A28: 0 | B28: 1 | C28: 0 | D28: 0 | E28: 0 | F28: 0 | G28: 0 | H28: 0 | I28: 0 | J28: 0 | K28: 0 | L28: 0 | M28: 0 | N28: 0 | O28: 0 | P28: 0 | Q28: 0 | R28: 0 | S28: 0 | T28: 0 | U28: 0 | V28: 0 | W28: 0 | X28: 0 | Y28: 0 | Z28: 0 | AA28: 0 | AB28: 0
A29: 0 | B29: 1 | C29: 0 | D29: 0 | E29: 0 | F29: 0 | G29: 0 | H29: 0 | I29: 0 | J29: 0 | K29: 0 | L29: 0 | M29: 0 | N29: 0 | O29: 0 | P29: 0 | Q29: 0 | R29: 0 | S29: 0 | T29: 0 | U29: 0 | V29: 0 | W29: 0 | X29: 0 | Y29: 0 | Z29: 0 | AA29: 0 | AB29: 0 | AC29: 0
A30: 0 | B30: 1 | C30: 0 | D30: 0 | E30: 0 | F30: 0 | G30: 0 | H30: 0 | I30: 0 | J30: 0 | K30: 0 | L30: 0 | M30: 0 | N30: 0 | O30: 0 | P30: 0 | Q30: 0 | R30: 0 | S30: 0 | T30: 0 | U30: 0 | V30: 0 | W30: 0 | X30: 0 | Y30: 0 | Z30: 0 | AA30: 0 | AB30: 0 | AC30: 0 | AD30: 0
A31: 10 | B31: 0 | C31: 1 | D31: 1 | E31: 0 | F31: 0 | G31: 1 | H31: 1 | I31: 0 | J31: 0 | K31: 1 | L31: 1 | M31: 0 | N31: 0 | O31: 0 | P31: 0 | Q31: 0 | R31: 0 | S31: 0 | T31: 0 | U31: 0 | V31: 0 | W31: 0 | X31: 0 | Y31: 0 | Z31: 0 | AA31: 0 | AB31: 0 | AC31: 0 | AD31: 0 | AE31: 0
A32: 20 | B32: 1 | C32: 0 | D32: 0 | E32: 0 | F32: 1 | G32: 0 | H32: 0 | I32: 0 | J32: 1 | K32: 0 | L32: 1 | M32: 0 | N32: 1 | O32: 0 | P32: 0 | Q32: 0 | R32: 0 | S32: 0 | T32: 1 | U32: 0 | V32: 1 | W32: 0 | X32: 0 | Y32: 0 | Z32: 0 | AA32: 0 | AB32: 0 | AC32: 0 | AD32: 0 | AE32: 0 | AF32: 0
A33: 0 | B33: 1 | C33: 0 | D33: 0 | E33: 0 | F33: 0 | G33: 0 | H33: 0 | I33: 0 | J33: 0 | K33: 0 | L33: 0 | M33: 0 | N33: 0 | O33: 0 | P33: 0 | Q33: 0 | R33: 0 | S33: 0 | T33: 0 | U33: 0 | V33: 0 | W33: 0 | X33: 0 | Y33: 0 | Z33: 0 | AA33: 0 | AB33: 0 | AC33: 0 | AD33: 0 | AE33: 0 | AF33: 0 | AG33: 0
A34: 20 | B34: 1 | C34: 0 | D34: 0 | E34: 0 | F34: 0 | G34: 0 | H34: 1 | I34: 0 | J34: 1 | K34: 0 | L34: 0 | M34: 0 | N34: 0 | O34: 0 | P34: 0 | Q34: 0 | R34: 0 | S34: 0 | T34: 1 | U34: 0 | V34: 1 | W34: 0 | X34: 0 | Y34: 0 | Z34: 0 | AA34: 0 | AB34: 0 | AC34: 0 | AD34: 0 | AE34: 0 | AF34: 0 | AG34: 0 | AH34: 0
B35: 1 | C35: 0 | D35: 0 | E35: 0 | F35: 1 | G35: 0 | H35: 0 | I35: 0 | J35: 0 | K35: 0 | L35: 0 | M35: 0 | N35: 0 | O35: 0 | P35: 0 | Q35: 0 | R35: 1 | S35: 0 | T35: 0 | U35: 0 | V35: 0 | W35: 0 | X35: 0 | Y35: 0 | Z35: 0 | AA35: 0 | AB35: 0 | AC35: 0 | AD35: 0 | AE35: 0 | AF35: 0 | AG35: 0 | AH35: 0 | AI35: 0
B36: 1 | C36: 0 | D36: 1 | E36: 0 | F36: 1 | G36: 0 | H36: 0 | I36: 0 | J36: 0 | K36: 0 | L36: 0 | M36: 0 | N36: 0 | O36: 0 | P36: 0 | Q36: 0 | R36: 0 | S36: 0 | T36: 0 | U36: 0 | V36: 0 | W36: 0 | X36: 0 | Y36: 0 | Z36: 0 | AA36: 0 | AB36: 0 | AC36: 0 | AD36: 0 | AE36: 0 | AF36: 0 | AG36: 0 | AH36: 0 | AI36: 0 | AJ36: 0
B37: 0 | C37: 0 | D37: 0 | E37: 1 | F37: 1 | G37: 1 | H37: 1 | I37: 0 | J37: 0 | K37: 0 | L37: 0 | M37: 0 | N37: 0 | O37: 0 | P37: 0 | Q37: 0 | R37: 0 | S37: 0 | T37: 0 | U37: 0 | V37: 0 | W37: 0 | X37: 0 | Y37: 0 | Z37: 0 | AA37: 0 | AB37: 0 | AC37: 0 | AD37: 0 | AE37: 0 | AF37: 0 | AG37: 0 | AH37: 0 | AI37: 0 | AJ37: 0 | AK37: 0
B38: 1 | C38: 0 | D38: 0 | E38: 0 | F38: 0 | G38: 0 | H38: 0 | I38: 0 | J38: 0 | K38: 0 | L38: 0 | M38: 0 | N38: 0 | O38: 0 | P38: 0 | Q38: 0 | R38: 0 | S38: 0 | T38: 0 | U38: 0 | V38: 0 | W38: 0 | X38: 0 | Y38: 0 | Z38: 0 | AA38: 0 | AB38: 0 | AC38: 0 | AD38: 0 | AE38: 0 | AF38: 0 | AG38: 0 | AH38: 0 | AI38: 0 | AJ38: 0 | AK38: 0 | AL38: 0
B39: 1 | C39: 0 | D39: 0 | E39: 0 | F39: 0 | G39: 0 | H39: 0 | I39: 0 | J39: 0 | K39: 0 | L39: 0 | M39: 0 | N39: 0 | O39: 0 | P39: 0 | Q39: 0 | R39: 0 | S39: 0 | T39: 0 | U39: 0 | V39: 0 | W39: 0 | X39: 0 | Y39: 0 | Z39: 0 | AA39: 0 | AB39: 0 | AC39: 0 | AD39: 0 | AE39: 0 | AF39: 0 | AG39: 0 | AH39: 0 | AI39: 0 | AJ39: 0 | AK39: 0 | AL39: 0 | AM39: 0
B40: 1 | C40: 0 | D40: 0 | E40: 0 | F40: 0 | G40: 0 | H40: 0 | I40: 0 | J40: 0 | K40: 0 | L40: 0 | M40: 0 | N40: 0 | O40: 0 | P40: 0 | Q40: 0 | R40: 0 | S40: 0 | T40: 0 | U40: 0 | V40: 0 | W40: 0 | X40: 0 | Y40: 0 | Z40: 0 | AA40: 0 | AB40: 0 | AC40: 0 | AD40: 0 | AE40: 0 | AF40: 0 | AG40: 0 | AH40: 0 | AI40: 0 | AJ40: 0 | AK40: 0 | AL40: 0 | AM40: 0 | AN40: 0
B41: 1 | C41: 0 | D41: 0 | E41: 0 | F41: 0 | G41: 0 | H41: 0 | I41: 0 | J41: 0 | K41: 0 | L41: 0 | M41: 0 | N41: 0 | O41: 0 | P41: 0 | Q41: 0 | R41: 1 | S41: 0 | T41: 0 | U41: 0 | V41: 0 | W41: 0 | X41: 0 | Y41: 0 | Z41: 0 | AA41: 0 | AB41: 0 | AC41: 0 | AD41: 0 | AE41: 0 | AF41: 0 | AG41: 0 | AH41: 1 | AI41: 0 | AJ41: 0 | AK41: 0 | AL41: 0 | AM41: 0 | AN41: 0 | AO41: 0
B42: 1 | C42: 0 | D42: 0 | E42: 0 | F42: 0 | G42: 0 | H42: 0 | I42: 0 | J42: 0 | K42: 0 | L42: 0 | M42: 0 | N42: 0 | O42: 0 | P42: 0 | Q42: 0 | R42: 0 | S42: 0 | T42: 0 | U42: 0 | V42: 0 | W42: 0 | X42: 0 | Y42: 0 | Z42: 0 | AA42: 0 | AB42: 0 | AC42: 0 | AD42: 0 | AE42: 0 | AF42: 0 | AG42: 0 | AH42: 0 | AI42: 0 | AJ42: 0 | AK42: 0 | AL42: 0 | AM42: 0 | AN42: 0 | AO42: 0 | AP42: 0
B43: 0 | C43: 1 | D43: 1 | E43: 0 | F43: 0 | G43: 0 | H43: 0 | I43: 0 | J43: 0 | K43: 0 | L43: 0 | M43: 0 | N43: 0 | O43: 0 | P43: 0 | Q43: 0 | R43: 0 | S43: 0 | T43: 0 | U43: 0 | V43: 0 | W43: 0 | X43: 0 | Y43: 0 | Z43: 0 | AA43: 0 | AB43: 0 | AC43: 0 | AD43: 0 | AE43: 0 | AF43: 0 | AG43: 0 | AH43: 0 | AI43: 0 | AJ43: 0 | AK43: 0 | AL43: 0 | AM43: 0 | AN43: 0 | AO43: 0 | AP43: 0 | AQ43: 0
B44: 1 | C44: 0 | D44: 0 | E44: 0 | F44: 0 | G44: 0 | H44: 0 | I44: 0 | J44: 0 | K44: 0 | L44: 0 | M44: 0 | N44: 0 | O44: 0 | P44: 0 | Q44: 0 | R44: 0 | S44: 0 | T44: 0 | U44: 0 | V44: 0 | W44: 0 | X44: 0 | Y44: 0 | Z44: 0 | AA44: 0 | AB44: 0 | AC44: 0 | AD44: 0 | AE44: 0 | AF44: 0 | AG44: 0 | AH44: 0 | AI44: 0 | AJ44: 0 | AK44: 0 | AL44: 0 | AM44: 0 | AN44: 0 | AO44: 0 | AP44: 0 | AQ44: 0 | AR44: 0
B45: 1 | C45: 0 | D45: 0 | E45: 0 | F45: 0 | G45: 0 | H45: 0 | I45: 0 | J45: 0 | K45: 0 | L45: 0 | M45: 0 | N45: 0 | O45: 0 | P45: 0 | Q45: 0 | R45: 0 | S45: 0 | T45: 0 | U45: 0 | V45: 0 | W45: 0 | X45: 0 | Y45: 0 | Z45: 0 | AA45: 0 | AB45: 0 | AC45: 0 | AD45: 0 | AE45: 0 | AF45: 0 | AG45: 0 | AH45: 0 | AI45: 0 | AJ45: 0 | AK45: 0 | AL45: 0 | AM45: 0 | AN45: 0 | AO45: 0 | AP45: 0 | AQ45: 0 | AR45: 0 | AS45: 0
B46: 1 | C46: 0 | D46: 1 | E46: 0 | F46: 1 | G46: 0 | H46: 0 | I46: 0 | J46: 0 | K46: 0 | L46: 0 | M46: 0 | N46: 0 | O46: 0 | P46: 0 | Q46: 0 | R46: 0 | S46: 0 | T46: 0 | U46: 0 | V46: 0 | W46: 0 | X46: 0 | Y46: 0 | Z46: 0 | AA46: 0 | AB46: 0 | AC46: 0 | AD46: 0 | AE46: 0 | AF46: 0 | AG46: 0 | AH46: 0 | AI46: 0 | AJ46: 0 | AK46: 0 | AL46: 0 | AM46: 0 | AN46: 0 | AO46: 0 | AP46: 0 | AQ46: 0 | AR46: 0 | AS46: 0 | AT46: 0
B47: 1 | C47: 0 | D47: 0 | E47: 0 | F47: 0 | G47: 0 | H47: 0 | I47: 0 | J47: 0 | K47: 0 | L47: 0 | M47: 0 | N47: 0 | O47: 0 | P47: 0 | Q47: 0 | R47: 0 | S47: 0 | T47: 0 | U47: 0 | V47: 0 | W47: 0 | X47: 0 | Y47: 0 | Z47: 0 | AA47: 0 | AB47: 0 | AC47: 0 | AD47: 0 | AE47: 0 | AF47: 0 | AG47: 0 | AH47: 0 | AI47: 0 | AJ47: 0 | AK47: 0 | AL47: 0 | AM47: 0 | AN47: 0 | AO47: 0 | AP47: 0 | AQ47: 0 | AR47: 0 | AS47: 0 | AT47: 0 | AU47: 0
B48: 1 | C48: 0 | D48: 0 | E48: 0 | F48: 0 | G48: 0 | H48: 0 | I48: 0 | J48: 0 | K48: 0 | L48: 0 | M48: 0 | N48: 0 | O48: 0 | P48: 0 | Q48: 0 | R48: 0 | S48: 0 | T48: 0 | U48: 0 | V48: 0 | W48: 0 | X48: 0 | Y48: 0 | Z48: 0 | AA48: 0 | AB48: 0 | AC48: 0 | AD48: 0 | AE48: 0 | AF48: 0 | AG48: 0 | AH48: 0 | AI48: 0 | AJ48: 0 | AK48: 0 | AL48: 0 | AM48: 0 | AN48: 0 | AO48: 0 | AP48: 0 | AQ48: 0 | AR48: 0 | AS48: 0 | AT48: 0 | AU48: 0 | AV48: 0
B49: 0 | C49: 0 | D49: 0 | E49: 0 | F49: 0 | G49: 0 | H49: 0 | I49: 0 | J49: 0 | K49: 0 | L49: 0 | M49: 0 | N49: 0 | O49: 0 | P49: 0 | Q49: 1 | R49: 1 | S49: 1 | T49: 1 | U49: 1 | V49: 1 | W49: 1 | X49: 1 | Y49: 1 | Z49: 1 | AA49: 1 | AB49: 1 | AC49: 1 | AD49: 1 | AE49: 1 | AF49: 1 | AG49: 0 | AH49: 0 | AI49: 0 | AJ49: 0 | AK49: 0 | AL49: 0 | AM49: 0 | AN49: 0 | AO49: 0 | AP49: 0 | AQ49: 0 | AR49: 0 | AS49: 0 | AT49: 0 | AU49: 0 | AV49: 0 | AW49: 0
B50: 1 | C50: 0 | D50: 0 | E50: 0 | F50: 0 | G50: 0 | H50: 0 | I50: 0 | J50: 0 | K50: 0 | L50: 0 | M50: 0 | N50: 0 | O50: 0 | P50: 0 | Q50: 0 | R50: 0 | S50: 0 | T50: 0 | U50: 0 | V50: 0 | W50: 0 | X50: 0 | Y50: 0 | Z50: 0 | AA50: 0 | AB50: 0 | AC50: 0 | AD50: 0 | AE50: 0 | AF50: 0 | AG50: 0 | AH50: 0 | AI50: 0 | AJ50: 0 | AK50: 0 | AL50: 0 | AM50: 0 | AN50: 0 | AO50: 0 | AP50: 0 | AQ50: 0 | AR50: 0 | AS50: 0 | AT50: 0 | AU50: 0 | AV50: 0 | AW50: 0 | AX50: 0
B51: 1 | C51: 0 | D51: 0 | E51: 0 | F51: 1 | G51: 0 | H51: 0 | I51: 0 | J51: 1 | K51: 0 | L51: 0 | M51: 0 | N51: 0 | O51: 0 | P51: 0 | Q51: 0 | R51: 0 | S51: 0 | T51: 0 | U51: 0 | V51: 0 | W51: 0 | X51: 0 | Y51: 0 | Z51: 0 | AA51: 0 | AB51: 0 | AC51: 0 | AD51: 0 | AE51: 0 | AF51: 0 | AG51: 0 | AH51: 0 | AI51: 0 | AJ51: 0 | AK51: 0 | AL51: 0 | AM51: 0 | AN51: 0 | AO51: 0 | AP51: 0 | AQ51: 0 | AR51: 0 | AS51: 0 | AT51: 0 | AU51: 0 | AV51: 0 | AW51: 0 | AX51: 0 | AY51: 0
B52: 1 | C52: 0 | D52: 1 | E52: 0 | F52: 0 | G52: 0 | H52: 0 | I52: 0 | J52: 1 | K52: 0 | L52: 0 | M52: 0 | N52: 0 | O52: 0 | P52: 0 | Q52: 0 | R52: 0 | S52: 0 | T52: 0 | U52: 0 | V52: 0 | W52: 0 | X52: 0 | Y52: 0 | Z52: 0 | AA52: 0 | AB52: 0 | AC52: 0 | AD52: 0 | AE52: 0 | AF52: 0 | AG52: 0 | AH52: 0 | AI52: 0 | AJ52: 0 | AK52: 0 | AL52: 0 | AM52: 0 | AN52: 0 | AO52: 0 | AP52: 0 | AQ52: 0 | AR52: 0 | AS52: 0 | AT52: 0 | AU52: 0 | AV52: 0 | AW52: 0 | AX52: 0 | AY52: 0 | AZ52: 0
B53: 1 | C53: 0 | D53: 0 | E53: 0 | F53: 0 | G53: 0 | H53: 0 | I53: 0 | J53: 0 | K53: 0 | L53: 0 | M53: 0 | N53: 0 | O53: 0 | P53: 0 | Q53: 0 | R53: 0 | S53: 0 | T53: 0 | U53: 0 | V53: 0 | W53: 0 | X53: 0 | Y53: 0 | Z53: 0 | AA53: 0 | AB53: 0 | AC53: 0 | AD53: 0 | AE53: 0 | AF53: 0 | AG53: 0 | AH53: 0 | AI53: 0 | AJ53: 0 | AK53: 0 | AL53: 0 | AM53: 0 | AN53: 0 | AO53: 0 | AP53: 0 | AQ53: 0 | AR53: 0 | AS53: 0 | AT53: 0 | AU53: 0 | AV53: 0 | AW53: 0 | AX53: 0 | AY53: 0 | AZ53: 0 | BA53: 0
B54: 1 | C54: 0 | D54: 0 | E54: 0 | F54: 0 | G54: 0 | H54: 0 | I54: 0 | J54: 0 | K54: 0 | L54: 0 | M54: 0 | N54: 0 | O54: 0 | P54: 0 | Q54: 0 | R54: 0 | S54: 0 | T54: 0 | U54: 0 | V54: 0 | W54: 0 | X54: 0 | Y54: 0 | Z54: 0 | AA54: 0 | AB54: 0 | AC54: 0 | AD54: 0 | AE54: 0 | AF54: 0 | AG54: 0 | AH54: 0 | AI54: 0 | AJ54: 0 | AK54: 0 | AL54: 0 | AM54: 0 | AN54: 0 | AO54: 0 | AP54: 0 | AQ54: 0 | AR54: 0 | AS54: 0 | AT54: 0 | AU54: 0 | AV54: 0 | AW54: 0 | AX54: 0 | AY54: 0 | AZ54: 0 | BA54: 0 | BB54: 0
B55: 0 | C55: 1 | D55: 1 | E55: 0 | F55: 0 | G55: 0 | H55: 0 | I55: 0 | J55: 0 | K55: 0 | L55: 0 | M55: 0 | N55: 0 | O55: 0 | P55: 0 | Q55: 0 | R55: 0 | S55: 0 | T55: 0 | U55: 0 | V55: 0 | W55: 0 | X55: 0 | Y55: 0 | Z55: 0 | AA55: 0 | AB55: 0 | AC55: 0 | AD55: 0 | AE55: 0 | AF55: 0 | AG55: 0 | AH55: 0 | AI55: 0 | AJ55: 0 | AK55: 0 | AL55: 0 | AM55: 0 | AN55: 0 | AO55: 0 | AP55: 0 | AQ55: 0 | AR55: 0 | AS55: 0 | AT55: 0 | AU55: 0 | AV55: 0 | AW55: 0 | AX55: 0 | AY55: 0 | AZ55: 0 | BA55: 0 | BB55: 0 | BC55: 0
B56: 1 | C56: 0 | D56: 1 | E56: 0 | F56: 1 | G56: 0 | H56: 0 | I56: 0 | J56: 0 | K56: 0 | L56: 0 | M56: 0 | N56: 0 | O56: 0 | P56: 0 | Q56: 0 | R56: 0 | S56: 0 | T56: 0 | U56: 0 | V56: 0 | W56: 0 | X56: 0 | Y56: 0 | Z56: 0 | AA56: 0 | AB56: 0 | AC56: 0 | AD56: 0 | AE56: 0 | AF56: 0 | AG56: 0 | AH56: 0 | AI56: 0 | AJ56: 0 | AK56: 0 | AL56: 0 | AM56: 0 | AN56: 0 | AO56: 0 | AP56: 0 | AQ56: 0 | AR56: 0 | AS56: 0 | AT56: 0 | AU56: 0 | AV56: 0 | AW56: 0 | AX56: 0 | AY56: 0 | AZ56: 0 | BA56: 0 | BB56: 0 | BC56: 0 | BD56: 0
B57: 1 | C57: 0 | D57: 0 | E57: 0 | F57: 0 | G57: 0 | H57: 0 | I57: 0 | J57: 0 | K57: 0 | L57: 0 | M57: 0 | N57: 0 | O57: 0 | P57: 0 | Q57: 0 | R57: 0 | S57: 0 | T57: 0 | U57: 0 | V57: 0 | W57: 0 | X57: 0 | Y57: 0 | Z57: 0 | AA57: 0 | AB57: 0 | AC57: 0 | AD57: 0 | AE57: 0 | AF57: 0 | AG57: 0 | AH57: 0 | AI57: 0 | AJ57: 0 | AK57: 0 | AL57: 0 | AM57: 0 | AN57: 0 | AO57: 0 | AP57: 0 | AQ57: 0 | AR57: 0 | AS57: 0 | AT57: 0 | AU57: 0 | AV57: 0 | AW57: 0 | AX57: 0 | AY57: 0 | AZ57: 0 | BA57: 0 | BB57: 0 | BC57: 0 | BD57: 0 | BE57: 0
B58: 1 | C58: 0 | D58: 0 | E58: 0 | F58: 0 | G58: 0 | H58: 0 | I58: 0 | J58: 0 | K58: 0 | L58: 0 | M58: 0 | N58: 0 | O58: 0 | P58: 0 | Q58: 0 | R58: 0 | S58: 0 | T58: 0 | U58: 0 | V58: 0 | W58: 0 | X58: 0 | Y58: 0 | Z58: 0 | AA58: 0 | AB58: 0 | AC58: 0 | AD58: 0 | AE58: 0 | AF58: 0 | AG58: 0 | AH58: 0 | AI58: 0 | AJ58: 0 | AK58: 0 | AL58: 0 | AM58: 0 | AN58: 0 | AO58: 0 | AP58: 0 | AQ58: 0 | AR58: 0 | AS58: 0 | AT58: 0 | AU58: 0 | AV58: 0 | AW58: 0 | AX58: 0 | AY58: 0 | AZ58: 0 | BA58: 0 | BB58: 0 | BC58: 0 | BD58: 0 | BE58: 0 | BF58: 0
B59: 1 | C59: 0 | D59: 0 | E59: 0 | F59: 0 | G59: 0 | H59: 0 | I59: 0 | J59: 0 | K59: 0 | L59: 0 | M59: 0 | N59: 0 | O59: 0 | P59: 0 | Q59: 0 | R59: 0 | S59: 0 | T59: 0 | U59: 0 | V59: 0 | W59: 0 | X59: 0 | Y59: 0 | Z59: 0 | AA59: 0 | AB59: 0 | AC59: 0 | AD59: 0 | AE59: 0 | AF59: 0 | AG59: 0 | AH59: 0 | AI59: 0 | AJ59: 0 | AK59: 0 | AL59: 0 | AM59: 0 | AN59: 0 | AO59: 0 | AP59: 0 | AQ59: 0 | AR59: 0 | AS59: 0 | AT59: 0 | AU59: 0 | AV59: 0 | AW59: 0 | AX59: 0 | AY59: 0 | AZ59: 0 | BA59: 0 | BB59: 0 | BC59: 0 | BD59: 0 | BE59: 0 | BF59: 0 | BG59: 0
B60: 1 | C60: 0 | D60: 0 | E60: 0 | F60: 0 | G60: 0 | H60: 0 | I60: 0 | J60: 0 | K60: 0 | L60: 0 | M60: 0 | N60: 0 | O60: 0 | P60: 0 | Q60: 0 | R60: 0 | S60: 0 | T60: 0 | U60: 0 | V60: 0 | W60: 0 | X60: 0 | Y60: 0 | Z60: 0 | AA60: 0 | AB60: 0 | AC60: 0 | AD60: 0 | AE60: 0 | AF60: 0 | AG60: 0 | AH60: 0 | AI60: 0 | AJ60: 0 | AK60: 0 | AL60: 0 | AM60: 0 | AN60: 0 | AO60: 0 | AP60: 0 | AQ60: 0 | AR60: 0 | AS60: 0 | AT60: 0 | AU60: 0 | AV60: 0 | AW60: 0 | AX60: 0 | AY60: 0 | AZ60: 0 | BA60: 0 | BB60: 0 | BC60: 0 | BD60: 0 | BE60: 0 | BF60: 0 | BG60: 0 | BH60: 0
B61: 0 | C61: 0 | D61: 0 | E61: 1 | F61: 1 | G61: 1 | H61: 1 | I61: 0 | J61: 0 | K61: 0 | L61: 0 | M61: 1 | N61: 1 | O61: 1 | P61: 1 | Q61: 0 | R61: 0 | S61: 0 | T61: 0 | U61: 1 | V61: 1 | W61: 1 | X61: 1 | Y61: 0 | Z61: 0 | AA61: 0 | AB61: 0 | AC61: 0 | AD61: 0 | AE61: 0 | AF61: 0 | AG61: 0 | AH61: 0 | AI61: 0 | AJ61: 0 | AK61: 0 | AL61: 0 | AM61: 0 | AN61: 0 | AO61: 0 | AP61: 0 | AQ61: 0 | AR61: 0 | AS61: 0 | AT61: 0 | AU61: 0 | AV61: 0 | AW61: 0 | AX61: 0 | AY61: 0 | AZ61: 0 | BA61: 0 | BB61: 0 | BC61: 0 | BD61: 0 | BE61: 0 | BF61: 0 | BG61: 0 | BH61: 0 | BI61: 0
B62: 1 | C62: 0 | D62: 0 | E62: 0 | F62: 0 | G62: 0 | H62: 0 | I62: 0 | J62: 0 | K62: 0 | L62: 0 | M62: 0 | N62: 0 | O62: 0 | P62: 0 | Q62: 0 | R62: 0 | S62: 0 | T62: 0 | U62: 0 | V62: 0 | W62: 0 | X62: 0 | Y62: 0 | Z62: 0 | AA62: 0 | AB62: 0 | AC62: 0 | AD62: 0 | AE62: 0 | AF62: 0 | AG62: 0 | AH62: 0 | AI62: 0 | AJ62: 0 | AK62: 0 | AL62: 0 | AM62: 0 | AN62: 0 | AO62: 0 | AP62: 0 | AQ62: 0 | AR62: 0 | AS62: 0 | AT62: 0 | AU62: 0 | AV62: 0 | AW62: 0 | AX62: 0 | AY62: 0 | AZ62: 0 | BA62: 0 | BB62: 0 | BC62: 0 | BD62: 0 | BE62: 0 | BF62: 0 | BG62: 0 | BH62: 0 | BI62: 0 | BJ62: 0
B63: 1 | C63: 0 | D63: 0 | E63: 0 | F63: 0 | G63: 0 | H63: 0 | I63: 0 | J63: 1 | K63: 0 | L63: 0 | M63: 0 | N63: 0 | O63: 0 | P63: 0 | Q63: 0 | R63: 1 | S63: 0 | T63: 0 | U63: 0 | V63: 1 | W63: 0 | X63: 0 | Y63: 0 | Z63: 1 | AA63: 0 | AB63: 0 | AC63: 0 | AD63: 0 | AE63: 0 | AF63: 0 | AG63: 0 | AH63: 0 | AI63: 0 | AJ63: 0 | AK63: 0 | AL63: 1 | AM63: 0 | AN63: 0 | AO63: 0 | AP63: 1 | AQ63: 0 | AR63: 0 | AS63: 0 | AT63: 0 | AU63: 0 | AV63: 0 | AW63: 0 | AX63: 0 | AY63: 0 | AZ63: 0 | BA63: 0 | BB63: 0 | BC63: 0 | BD63: 0 | BE63: 0 | BF63: 0 | BG63: 0 | BH63: 0 | BI63: 0 | BJ63: 0 | BK63: 0
B64: 1 | C64: 0 | D64: 1 | E64: 0 | F64: 0 | G64: 0 | H64: 1 | I64: 0 | J64: 1 | K64: 0 | L64: 0 | M64: 0 | N64: 1 | O64: 0 | P64: 0 | Q64: 0 | R64: 0 | S64: 0 | T64: 1 | U64: 0 | V64: 0 | W64: 0 | X64: 0 | Y64: 0 | Z64: 1 | AA64: 0 | AB64: 0 | AC64: 0 | AD64: 0 | AE64: 0 | AF64: 0 | AG64: 0 | AH64: 0 | AI64: 0 | AJ64: 0 | AK64: 0 | AL64: 0 | AM64: 0 | AN64: 0 | AO64: 0 | AP64: 0 | AQ64: 0 | AR64: 0 | AS64: 0 | AT64: 0 | AU64: 0 | AV64: 0 | AW64: 0 | AX64: 0 | AY64: 0 | AZ64: 0 | BA64: 0 | BB64: 0 | BC64: 0 | BD64: 0 | BE64: 0 | BF64: 0 | BG64: 0 | BH64: 0 | BI64: 0 | BJ64: 0 | BK64: 0 | BL64: 0
B65: 1 | C65: 0 | D65: 0 | E65: 0 | F65: 0 | G65: 0 | H65: 0 | I65: 0 | J65: 0 | K65: 0 | L65: 0 | M65: 0 | N65: 0 | O65: 0 | P65: 0 | Q65: 0 | R65: 0 | S65: 0 | T65: 0 | U65: 0 | V65: 0 | W65: 0 | X65: 0 | Y65: 0 | Z65: 0 | AA65: 0 | AB65: 0 | AC65: 0 | AD65: 0 | AE65: 0 | AF65: 0 | AG65: 0 | AH65: 0 | AI65: 0 | AJ65: 0 | AK65: 0 | AL65: 0 | AM65: 0 | AN65: 0 | AO65: 0 | AP65: 0 | AQ65: 0 | AR65: 0 | AS65: 0 | AT65: 0 | AU65: 0 | AV65: 0 | AW65: 0 | AX65: 0 | AY65: 0 | AZ65: 0 | BA65: 0 | BB65: 0 | BC65: 0 | BD65: 0 | BE65: 0 | BF65: 0 | BG65: 0 | BH65: 0 | BI65: 0 | BJ65: 0 | BK65: 0 | BL65: 0 | BM65: 0
B66: 1 | C66: 0 | D66: 1 | E66: 0 | F66: 1 | G66: 0 | H66: 1 | I66: 0 | J66: 0 | K66: 0 | L66: 1 | M66: 0 | N66: 0 | O66: 0 | P66: 1 | Q66: 0 | R66: 1 | S66: 0 | T66: 1 | U66: 0 | V66: 0 | W66: 0 | X66: 1 | Y66: 0 | Z66: 0 | AA66: 0 | AB66: 1 | AC66: 0 | AD66: 1 | AE66: 0 | AF66: 0 | AG66: 0 | AH66: 0 | AI66: 0 | AJ66: 0 | AK66: 0 | AL66: 0 | AM66: 0 | AN66: 0 | AO66: 0 | AP66: 0 | AQ66: 0 | AR66: 0 | AS66: 0 | AT66: 0 | AU66: 0 | AV66: 0 | AW66: 0 | AX66: 0 | AY66: 0 | AZ66: 0 | BA66: 0 | BB66: 0 | BC66: 0 | BD66: 0 | BE66: 0 | BF66: 0 | BG66: 0 | BH66: 0 | BI66: 0 | BJ66: 0 | BK66: 0 | BL66: 0 | BM66: 0 | BN66: 0

Sheet gcd(f,p)=g
A1: n-1
B3: 1
B4: 1 | C4: 0
B5: 1 | C5: 0 | D5: 0
B6: 1 | C6: 0 | D6: 1 | E6: 0
B7: 0 | C7: 1 | D7: 1 | E7: 0 | F7: 0
B8: 1 | C8: 0 | D8: 0 | E8: 0 | F8: 0 | G8: 0
B9: 1 | C9: 0 | D9: 0 | E9: 0 | F9: 0 | G9: 0 | H9: 0
B10: 1 | C10: 0 | D10: 0 | E10: 0 | F10: 0 | G10: 0 | H10: 0 | I10: 0
B11: 1 | C11: 0 | D11: 0 | E11: 0 | F11: 1 | G11: 0 | H11: 0 | I11: 0 | J11: 1
B12: 1 | C12: 0 | D12: 0 | E12: 0 | F12: 0 | G12: 0 | H12: 0 | I12: 0 | J12: 0 | K12: 0
B13: 0 | C13: 0 | D13: 0 | E13: 1 | F13: 1 | G13: 1 | H13: 1 | I13: 0 | J13: 0 | K13: 0 | L13: 0
B14: 1 | C14: 0 | D14: 0 | E14: 0 | F14: 0 | G14: 0 | H14: 0 | I14: 0 | J14: 0 | K14: 0 | L14: 0 | M14: 0
B15: 1 | C15: 0 | D15: 0 | E15: 0 | F15: 0 | G15: 0 | H15: 0 | I15: 0 | J15: 0 | K15: 0 | L15: 0 | M15: 0 | N15: 0
B16: 1 | C16: 0 | D16: 1 | E16: 0 | F16: 1 | G16: 0 | H16: 0 | I16: 0 | J16: 0 | K16: 0 | L16: 0 | M16: 0 | N16: 0 | O16: 0
B17: 1 | C17: 0 | D17: 0 | E17: 0 | F17: 0 | G17: 0 | H17: 0 | I17: 0 | J17: 0 | K17: 0 | L17: 0 | M17: 0 | N17: 0 | O17: 0 | P17: 0
B18: 1 | C18: 0 | D18: 1 | E18: 0 | F18: 0 | G18: 0 | H18: 0 | I18: 0 | J18: 1 | K18: 0 | L18: 0 | M18: 0 | N18: 0 | O18: 0 | P18: 0 | Q18: 0
B19: 0 | C19: 1 | D19: 1 | E19: 0 | F19: 0 | G19: 0 | H19: 0 | I19: 0 | J19: 0 | K19: 0 | L19: 0 | M19: 0 | N19: 0 | O19: 0 | P19: 0 | Q19: 0 | R19: 0
B20: 1 | C20: 0 | D20: 0 | E20: 0 | F20: 0 | G20: 0 | H20: 0 | I20: 0 | J20: 0 | K20: 0 | L20: 0 | M20: 0 | N20: 0 | O20: 0 | P20: 0 | Q20: 0 | R20: 0 | S20: 0
B21: 1 | C21: 0 | D21: 0 | E21: 0 | F21: 0 | G21: 0 | H21: 0 | I21: 0 | J21: 1 | K21: 0 | L21: 0 | M21: 0 | N21: 0 | O21: 0 | P21: 0 | Q21: 0 | R21: 1 | S21: 0 | T21: 0
B22: 1 | C22: 0 | D22: 0 | E22: 0 | F22: 0 | G22: 0 | H22: 0 | I22: 0 | J22: 0 | K22: 0 | L22: 0 | M22: 0 | N22: 0 | O22: 0 | P22: 0 | Q22: 0 | R22: 0 | S22: 0 | T22: 0 | U22: 0

Sheet X
B3: 1
B4: 1 | C4: 1
B5: 1 | C5: 0 | D5: 1
B6: 0 | C6: 0 | D6: 0 | E6: 0
B7: 1 | C7: 1 | D7: 0 | E7: 0 | F7: 0
B8: 1 | C8: 0 | D8: 1 | E8: 1 | F8: 0 | G8: 1
B9: 1 | C9: 1 | D9: 0 | E9: 1 | F9: 0 | G9: 1 | H9: 1
B10: 1 | C10: 1 | D10: 0 | E10: 0 | F10: 0 | G10: 0 | H10: 1 | I10: 1
B11: 0 | C11: 0 | D11: 0 | E11: 0 | F11: 0 | G11: 0 | H11: 0 | I11: 0 | J11: 0
B12: 1 | C12: 0 | D12: 1 | E12: 0 | F12: 0 | G12: 0 | H12: 0 | I12: 1 | J12: 0 | K12: 1
B13: 1 | C13: 0 | D13: 0 | E13: 0 | F13: 1 | G13: 0 | H13: 0 | I13: 0 | J13: 0 | K13: 0 | L13: 0
B14: 1 | C14: 0 | D14: 1 | E14: 0 | F14: 0 | G14: 0 | H14: 0 | I14: 0 | J14: 0 | K14: 1 | L14: 0 | M14: 1
B15: 1 | C15: 1 | D15: 0 | E15: 1 | F15: 0 | G15: 1 | H15: 1 | I15: 1 | J15: 0 | K15: 1 | L15: 0 | M15: 1 | N15: 1
B16: 1 | C16: 0 | D16: 0 | E16: 1 | F16: 0 | G16: 0 | H16: 0 | I16: 0 | J16: 1 | K16: 0 | L16: 0 | M16: 0 | N16: 0 | O16: 0
B17: 1 | C17: 0 | D17: 1 | E17: 1 | F17: 0 | G17: 0 | H17: 1 | I17: 0 | J17: 1 | K17: 0 | L17: 0 | M17: 1 | N17: 1 | O17: 0 | P17: 1
B18: 0 | C18: 1 | D18: 1 | E18: 0 | F18: 0 | G18: 1 | H18: 0 | I18: 1 | J18: 0 | K18: 0 | L18: 0 | M18: 0 | N18: 0 | O18: 0 | P18: 0 | Q18: 0
B19: 1 | C19: 1 | D19: 0 | E19: 0 | F19: 0 | G19: 0 | H19: 1 | I19: 0 | J19: 0 | K19: 1 | L19: 0 | M19: 0 | N19: 1 | O19: 1 | P19: 0 | Q19: 0 | R19: 0
B20: 1 | C20: 1 | D20: 0 | E20: 1 | F20: 0 | G20: 1 | H20: 1 | I20: 1 | J20: 0 | K20: 0 | L20: 1 | M20: 1 | N20: 1 | O20: 0 | P20: 1 | Q20: 0 | R20: 1 | S20: 1
B21: 0 | C21: 1 | D21: 0 | E21: 0 | F21: 0 | G21: 0 | H21: 0 | I21: 0 | J21: 0 | K21: 0 | L21: 0 | M21: 0 | N21: 0 | O21: 0 | P21: 0 | Q21: 0 | R21: 0 | S21: 0 | T21: 0
B22: 1 | C22: 0 | D22: 1 | E22: 0 | F22: 0 | G22: 1 | H22: 1 | I22: 1 | J22: 1 | K22: 1 | L22: 1 | M22: 1 | N22: 1 | O22: 1 | P22: 1 | Q22: 0 | R22: 0 | S22: 1 | T22: 0 | U22: 1

Sheet 11，14矩阵
B1: A | N1: A-1 | Z1: A-1' | AL1: X | AN1: Y | AP1: g
B3: 0 | C3: 0 | D3: 0 | E3: 1 | F3: 1 | G3: 1 | H3: 0 | I3: 0 | J3: 0 | K3: 1 | L3: 1 | N3: 1 | O3: 1 | P3: 0 | Q3: 0 | R3: 1 | S3: 0 | T3: 0 | U3: 0 | V3: 0 | W3: 0 | X3: 0 | Z3: 1 | AA3: 1 | AB3: 0 | AC3: 1 | AD3: 0 | AE3: 0 | AF3: 0 | AG3: 0 | AH3: 0 | AI3: 0 | AJ3: 0 | AL3: 1 | AN3: 1 | AP3: 1 | AQ3: 1 | AR3: 0 | AS3: 1 | AT3: 0 | AU3: 1 | AV3: 1 | AW3: 0 | AX3: 0 | AY3: 0 | AZ3: 0 | BB3: =MOD(#REF!+#REF!+AQ3+AP4,2) -> #REF! | BC3: =MOD(AP3+#REF!+AR3+AQ4,2) -> #REF! | BD3: =MOD(AQ3+#REF!+AS3+AR4,2) -> #REF! | BE3: =MOD(AR3+#REF!+AT3+AS4,2) -> #REF! | BF3: =MOD(AS3+#REF!+AU3+AT4,2) -> #REF! | BG3: =MOD(AT3+#REF!+AV3+AU4,2) -> #REF! | BH3: =MOD(AU3+#REF!+AW3+AV4,2) -> #REF! | BI3: =MOD(AV3+#REF!+AX3+AW4,2) -> #REF! | BJ3: =MOD(AW3+#REF!+AY3+AX4,2) -> #REF! | BK3: =MOD(AX3+#REF!+AZ3+AY4,2) -> #REF! | BL3: =MOD(AY3+#REF!+#REF!+AZ4,2) -> #REF!
B4: 0 | C4: 0 | D4: 1 | E4: 1 | F4: 0 | G4: 1 | H4: 1 | I4: 0 | J4: 1 | K4: 1 | L4: 1 | N4: 1 | O4: 1 | P4: 1 | Q4: 0 | R4: 0 | S4: 0 | T4: 0 | U4: 0 | V4: 0 | W4: 0 | X4: 0 | Z4: 1 | AA4: 1 | AB4: 0 | AC4: 0 | AD4: 1 | AE4: 0 | AF4: 0 | AG4: 0 | AH4: 0 | AI4: 0 | AJ4: 0 | AL4: 0 | AN4: 0 | AP4: 1 | AQ4: 1 | AR4: 0 | AS4: 0 | AT4: 0 | AU4: 1 | AV4: 1 | AW4: 1 | AX4: 0 | AY4: 0 | AZ4: 0 | BB4: =MOD(#REF!+AP3+AQ4+AP5,2) -> #REF! | BC4: =MOD(AP4+AQ3+AR4+AQ5,2) -> 0 | BD4: =MOD(AQ4+AR3+AS4+AR5,2) -> 0 | BE4: =MOD(AR4+AS3+AT4+AS5,2) -> 0 | BF4: =MOD(AS4+AT3+AU4+AT5,2) -> 0 | BG4: =MOD(AT4+AU3+AV4+AU5,2) -> 0 | BH4: =MOD(AU4+AV3+AW4+AV5,2) -> 0 | BI4: =MOD(AV4+AW3+AX4+AW5,2) -> 0 | BJ4: =MOD(AW4+AX3+AY4+AX5,2) -> 0 | BK4: =MOD(AX4+AY3+AZ4+AY5,2) -> 0 | BL4: =MOD(AY4+AZ3+#REF!+AZ5,2) -> #REF!
B5: 0 | C5: 1 | D5: 1 | E5: 0 | F5: 1 | G5: 0 | H5: 1 | I5: 0 | J5: 1 | K5: 1 | L5: 0 | N5: 0 | O5: 1 | P5: 1 | Q5: 1 | R5: 1 | S5: 0 | T5: 0 | U5: 0 | V5: 0 | W5: 0 | X5: 0 | Z5: 0 | AA5: 0 | AB5: 1 | AC5: 0 | AD5: 0 | AE5: 0 | AF5: 0 | AG5: 0 | AH5: 0 | AI5: 0 | AJ5: 0 | AL5: 0 | AN5: 1 | AP5: 0 | AQ5: 0 | AR5: 1 | AS5: 1 | AT5: 1 | AU5: 0 | AV5: 1 | AW5: 1 | AX5: 1 | AY5: 0 | AZ5: 0 | BB5: =MOD(#REF!+AP4+AQ5+AP6,2) -> #REF! | BC5: =MOD(AP5+AQ4+AR5+AQ6,2) -> 0 | BD5: =MOD(AQ5+AR4+AS5+AR6,2) -> 0 | BE5: =MOD(AR5+AS4+AT5+AS6,2) -> 0 | BF5: =MOD(AS5+AT4+AU5+AT6,2) -> 0 | BG5: =MOD(AT5+AU4+AV5+AU6,2) -> 0 | BH5: =MOD(AU5+AV4+AW5+AV6,2) -> 0 | BI5: =MOD(AV5+AW4+AX5+AW6,2) -> 0 | BJ5: =MOD(AW5+AX4+AY5+AX6,2) -> 0 | BK5: =MOD(AX5+AY4+AZ5+AY6,2) -> 0 | BL5: =MOD(AY5+AZ4+#REF!+AZ6,2) -> #REF!
B6: 1 | C6: 1 | D6: 0 | E6: 1 | F6: 0 | G6: 1 | H6: 1 | I6: 0 | J6: 0 | K6: 0 | L6: 0 | N6: 0 | O6: 0 | P6: 1 | Q6: 1 | R6: 1 | S6: 0 | T6: 0 | U6: 0 | V6: 0 | W6: 0 | X6: 0 | Z6: 1 | AA6: 0 | AB6: 0 | AC6: 1 | AD6: 1 | AE6: 0 | AF6: 0 | AG6: 0 | AH6: 0 | AI6: 0 | AJ6: 0 | AL6: 0 | AN6: 1 | AP6: 1 | AQ6: 0 | AR6: 1 | AS6: 0 | AT6: 1 | AU6: 1 | AV6: 0 | AW6: 1 | AX6: 1 | AY6: 1 | AZ6: 0 | BB6: =MOD(#REF!+AP5+AQ6+AP7,2) -> #REF! | BC6: =MOD(AP6+AQ5+AR6+AQ7,2) -> 0 | BD6: =MOD(AQ6+AR5+AS6+AR7,2) -> 0 | BE6: =MOD(AR6+AS5+AT6+AS7,2) -> 0 | BF6: =MOD(AS6+AT5+AU6+AT7,2) -> 0 | BG6: =MOD(AT6+AU5+AV6+AU7,2) -> 0 | BH6: =MOD(AU6+AV5+AW6+AV7,2) -> 0 | BI6: =MOD(AV6+AW5+AX6+AW7,2) -> 0 | BJ6: =MOD(AW6+AX5+AY6+AX7,2) -> 0 | BK6: =MOD(AX6+AY5+AZ6+AY7,2) -> 0 | BL6: =MOD(AY6+AZ5+#REF!+AZ7,2) -> #REF!
B7: 1 | C7: 0 | D7: 1 | E7: 0 | F7: 1 | G7: 1 | H7: 0 | I7: 1 | J7: 1 | K7: 1 | L7: 0 | N7: 1 | O7: 0 | P7: 1 | Q7: 1 | R7: 1 | S7: 0 | T7: 0 | U7: 0 | V7: 0 | W7: 0 | X7: 0 | Z7: 0 | AA7: 1 | AB7: 0 | AC7: 1 | AD7: 1 | AE7: 0 | AF7: 0 | AG7: 0 | AH7: 0 | AI7: 0 | AJ7: 0 | AL7: 1 | AN7: 0 | AP7: 0 | AQ7: 0 | AR7: 1 | AS7: 1 | AT7: 0 | AU7: 1 | AV7: 1 | AW7: 0 | AX7: 1 | AY7: 1 | AZ7: 1 | BB7: =MOD(#REF!+AP6+AQ7+AP8,2) -> #REF! | BC7: =MOD(AP7+AQ6+AR7+AQ8,2) -> 0 | BD7: =MOD(AQ7+AR6+AS7+AR8,2) -> 0 | BE7: =MOD(AR7+AS6+AT7+AS8,2) -> 0 | BF7: =MOD(AS7+AT6+AU7+AT8,2) -> 0 | BG7: =MOD(AT7+AU6+AV7+AU8,2) -> 0 | BH7: =MOD(AU7+AV6+AW7+AV8,2) -> 0 | BI7: =MOD(AV7+AW6+AX7+AW8,2) -> 0 | BJ7: =MOD(AW7+AX6+AY7+AX8,2) -> 0 | BK7: =MOD(AX7+AY6+AZ7+AY8,2) -> 0 | BL7: =MOD(AY7+AZ6+#REF!+AZ8,2) -> #REF!
B8: 1 | C8: 1 | D8: 0 | E8: 1 | F8: 1 | G8: 0 | H8: 1 | I8: 1 | J8: 0 | K8: 1 | L8: 1 | N8: 1 | O8: 0 | P8: 1 | Q8: 0 | R8: 1 | S8: 1 | T8: 0 | U8: 0 | V8: 0 | W8: 0 | X8: 0 | Z8: 1 | AA8: 1 | AB8: 0 | AC8: 1 | AD8: 1 | AE8: 1 | AF8: 0 | AG8: 0 | AH8: 0 | AI8: 0 | AJ8: 0 | AL8: 0 | AN8: 0 | AP8: 1 | AQ8: 1 | AR8: 0 | AS8: 1 | AT8: 1 | AU8: 0 | AV8: 1 | AW8: 1 | AX8: 0 | AY8: 1 | AZ8: 1 | BB8: =MOD(#REF!+AP7+AQ8+AP9,2) -> #REF! | BC8: =MOD(AP8+AQ7+AR8+AQ9,2) -> 0 | BD8: =MOD(AQ8+AR7+AS8+AR9,2) -> 0 | BE8: =MOD(AR8+AS7+AT8+AS9,2) -> 0 | BF8: =MOD(AS8+AT7+AU8+AT9,2) -> 0 | BG8: =MOD(AT8+AU7+AV8+AU9,2) -> 0 | BH8: =MOD(AU8+AV7+AW8+AV9,2) -> 0 | BI8: =MOD(AV8+AW7+AX8+AW9,2) -> 0 | BJ8: =MOD(AW8+AX7+AY8+AX9,2) -> 0 | BK8: =MOD(AX8+AY7+AZ8+AY9,2) -> 0 | BL8: =MOD(AY8+AZ7+#REF!+AZ9,2) -> #REF!
B9: 0 | C9: 1 | D9: 1 | E9: 1 | F9: 0 | G9: 1 | H9: 1 | I9: 0 | J9: 1 | K9: 0 | L9: 1 | N9: 1 | O9: 0 | P9: 1 | Q9: 0 | R9: 0 | S9: 0 | T9: 1 | U9: 0 | V9: 0 | W9: 0 | X9: 0 | Z9: 0 | AA9: 1 | AB9: 1 | AC9: 1 | AD9: 0 | AE9: 0 | AF9: 1 | AG9: 0 | AH9: 0 | AI9: 0 | AJ9: 0 | AL9: 0 | AN9: 0 | AP9: 1 | AQ9: 1 | AR9: 1 | AS9: 0 | AT9: 1 | AU9: 1 | AV9: 0 | AW9: 1 | AX9: 1 | AY9: 0 | AZ9: 0 | BB9: =MOD(#REF!+AP8+AQ9+AP10,2) -> #REF! | BC9: =MOD(AP9+AQ8+AR9+AQ10,2) -> 0 | BD9: =MOD(AQ9+AR8+AS9+AR10,2) -> 0 | BE9: =MOD(AR9+AS8+AT9+AS10,2) -> 0 | BF9: =MOD(AS9+AT8+AU9+AT10,2) -> 0 | BG9: =MOD(AT9+AU8+AV9+AU10,2) -> 0 | BH9: =MOD(AU9+AV8+AW9+AV10,2) -> 0 | BI9: =MOD(AV9+AW8+AX9+AW10,2) -> 0 | BJ9: =MOD(AW9+AX8+AY9+AX10,2) -> 0 | BK9: =MOD(AX9+AY8+AZ9+AY10,2) -> 0 | BL9: =MOD(AY9+AZ8+#REF!+AZ10,2) -> #REF!
B10: 0 | C10: 0 | D10: 0 | E10: 0 | F10: 1 | G10: 1 | H10: 0 | I10: 1 | J10: 0 | K10: 1 | L10: 1 | N10: 1 | O10: 0 | P10: 1 | Q10: 1 | R10: 1 | S10: 0 | T10: 0 | U10: 1 | V10: 0 | W10: 0 | X10: 0 | Z10: 0 | AA10: 1 | AB10: 0 | AC10: 1 | AD10: 1 | AE10: 0 | AF10: 0 | AG10: 1 | AH10: 0 | AI10: 0 | AJ10: 0 | AL10: 0 | AN10: 1 | AP10: 0 | AQ10: 1 | AR10: 1 | AS10: 1 | AT10: 0 | AU10: 1 | AV10: 1 | AW10: 0 | AX10: 1 | AY10: 0 | AZ10: 1 | BB10: =MOD(#REF!+AP9+AQ10+AP11,2) -> #REF! | BC10: =MOD(AP10+AQ9+AR10+AQ11,2) -> 0 | BD10: =MOD(AQ10+AR9+AS10+AR11,2) -> 0 | BE10: =MOD(AR10+AS9+AT10+AS11,2) -> 0 | BF10: =MOD(AS10+AT9+AU10+AT11,2) -> 0 | BG10: =MOD(AT10+AU9+AV10+AU11,2) -> 0 | BH10: =MOD(AU10+AV9+AW10+AV11,2) -> 0 | BI10: =MOD(AV10+AW9+AX10+AW11,2) -> 0 | BJ10: =MOD(AW10+AX9+AY10+AX11,2) -> 0 | BK10: =MOD(AX10+AY9+AZ10+AY11,2) -> 0 | BL10: =MOD(AY10+AZ9+#REF!+AZ11,2) -> #REF!
B11: 0 | C11: 1 | D11: 1 | E11: 0 | F11: 1 | G11: 0 | H11: 1 | I11: 0 | J11: 1 | K11: 1 | L11: 0 | N11: 0 | O11: 0 | P11: 1 | Q11: 0 | R11: 0 | S11: 0 | T11: 0 | U11: 0 | V11: 1 | W11: 0 | X11: 0 | Z11: 1 | AA11: 0 | AB11: 1 | AC11: 1 | AD11: 0 | AE11: 0 | AF11: 0 | AG11: 0 | AH11: 1 | AI11: 0 | AJ11: 0 | AL11: 0 | AN11: 1 | AP11: 0 | AQ11: 0 | AR11: 1 | AS11: 1 | AT11: 1 | AU11: 0 | AV11: 1 | AW11: 1 | AX11: 1 | AY11: 0 | AZ11: 0 | BB11: =MOD(#REF!+AP10+AQ11+AP12,2) -> #REF! | BC11: =MOD(AP11+AQ10+AR11+AQ12,2) -> 0 | BD11: =MOD(AQ11+AR10+AS11+AR12,2) -> 0 | BE11: =MOD(AR11+AS10+AT11+AS12,2) -> 0 | BF11: =MOD(AS11+AT10+AU11+AT12,2) -> 0 | BG11: =MOD(AT11+AU10+AV11+AU12,2) -> 0 | BH11: =MOD(AU11+AV10+AW11+AV12,2) -> 0 | BI11: =MOD(AV11+AW10+AX11+AW12,2) -> 0 | BJ11: =MOD(AW11+AX10+AY11+AX12,2) -> 0 | BK11: =MOD(AX11+AY10+AZ11+AY12,2) -> 0 | BL11: =MOD(AY11+AZ10+#REF!+AZ12,2) -> #REF!
B12: 1 | C12: 1 | D12: 1 | E12: 0 | F12: 1 | G12: 1 | H12: 0 | I12: 1 | J12: 1 | K12: 0 | L12: 0 | N12: 1 | O12: 1 | P12: 1 | Q12: 0 | R12: 1 | S12: 0 | T12: 0 | U12: 0 | V12: 0 | W12: 1 | X12: 0 | Z12: 0 | AA12: 1 | AB12: 1 | AC12: 0 | AD12: 0 | AE12: 0 | AF12: 0 | AG12: 0 | AH12: 0 | AI12: 1 | AJ12: 0 | AL12: 0 | AN12: 0 | AP12: 0 | AQ12: 0 | AR12: 0 | AS12: 1 | AT12: 1 | AU12: 1 | AV12: 0 | AW12: 0 | AX12: 0 | AY12: 1 | AZ12: 1 | BB12: =MOD(#REF!+AP11+AQ12+AP13,2) -> #REF! | BC12: =MOD(AP12+AQ11+AR12+AQ13,2) -> 0 | BD12: =MOD(AQ12+AR11+AS12+AR13,2) -> 0 | BE12: =MOD(AR12+AS11+AT12+AS13,2) -> 0 | BF12: =MOD(AS12+AT11+AU12+AT13,2) -> 0 | BG12: =MOD(AT12+AU11+AV12+AU13,2) -> 0 | BH12: =MOD(AU12+AV11+AW12+AV13,2) -> 0 | BI12: =MOD(AV12+AW11+AX12+AW13,2) -> 0 | BJ12: =MOD(AW12+AX11+AY12+AX13,2) -> 0 | BK12: =MOD(AX12+AY11+AZ12+AY13,2) -> 0 | BL12: =MOD(AY12+AZ11+#REF!+AZ13,2) -> #REF!
B13: 1 | C13: 1 | D13: 0 | E13: 0 | F13: 0 | G13: 1 | H13: 1 | I13: 1 | J13: 0 | K13: 0 | L13: 0 | N13: 0 | O13: 0 | P13: 1 | Q13: 0 | R13: 1 | S13: 0 | T13: 0 | U13: 0 | V13: 0 | W13: 0 | X13: 1 | Z13: 0 | AA13: 0 | AB13: 0 | AC13: 1 | AD13: 1 | AE13: 0 | AF13: 0 | AG13: 0 | AH13: 0 | AI13: 0 | AJ13: 1 | AL13: 0 | AN13: 1 | AP13: 0 | AQ13: 0 | AR13: 0 | AS13: 0 | AT13: 1 | AU13: 1 | AV13: 0 | AW13: 1 | AX13: 0 | AY13: 1 | AZ13: 1 | BB13: =MOD(#REF!+AP12+AQ13+AP14,2) -> #REF! | BC13: =MOD(AP13+AQ12+AR13+AQ14,2) -> 0 | BD13: =MOD(AQ13+AR12+AS13+AR14,2) -> 0 | BE13: =MOD(AR13+AS12+AT13+AS14,2) -> 0 | BF13: =MOD(AS13+AT12+AU13+AT14,2) -> 0 | BG13: =MOD(AT13+AU12+AV13+AU14,2) -> 0 | BH13: =MOD(AU13+AV12+AW13+AV14,2) -> 0 | BI13: =MOD(AV13+AW12+AX13+AW14,2) -> 0 | BJ13: =MOD(AW13+AX12+AY13+AX14,2) -> 0 | BK13: =MOD(AX13+AY12+AZ13+AY14,2) -> 0 | BL13: =MOD(AY13+AZ12+#REF!+AZ14,2) -> #REF!
B15: =MOD(A3+B2+C3+B4,2) -> 0 | C15: =MOD(B3+C2+D3+C4,2) -> 0 | D15: =MOD(C3+D2+E3+D4,2) -> 0 | E15: =MOD(D3+E2+F3+E4,2) -> 0 | F15: =MOD(E3+F2+G3+F4,2) -> 0 | G15: =MOD(F3+G2+H3+G4,2) -> 0 | H15: =MOD(G3+H2+I3+H4,2) -> 0 | I15: =MOD(H3+I2+J3+I4,2) -> 0 | ... L15: =MOD(K3+L2+M3+L4,2) -> 0 | N15: =MOD(M3+N2+O3+N4,2) -> 0 | O15: =MOD(N3+O2+P3+O4,2) -> 0 | P15: =MOD(O3+P2+Q3+P4,2) -> 0 | Q15: =MOD(P3+Q2+R3+Q4,2) -> 1 | R15: =MOD(Q3+R2+S3+R4,2) -> 0 | S15: =MOD(R3+S2+T3+S4,2) -> 1 | T15: =MOD(S3+T2+U3+T4,2) -> 0 | U15: =MOD(T3+U2+V3+U4,2) -> 0 | ... X15: =MOD(W3+X2+Y3+X4,2) -> 0 | Z15: =MOD(Y3+Z2+AA3+Z4,2) -> 0 | AA15: =MOD(Z3+AA2+AB3+AA4,2) -> 0 | AB15: =MOD(AA3+AB2+AC3+AB4,2) -> 0 | AC15: =MOD(AB3+AC2+AD3+AC4,2) -> 0 | AD15: =MOD(AC3+AD2+AE3+AD4,2) -> 0 | AE15: =MOD(AD3+AE2+AF3+AE4,2) -> 0 | AF15: =MOD(AE3+AF2+AG3+AF4,2) -> 0 | AG15: =MOD(AF3+AG2+AH3+AG4,2) -> 0 | ... AJ15: =MOD(AI3+AJ2+AK3+AJ4,2) -> 0 | AL15: A^-1*Y=X
B16: =MOD(A4+B3+C4+B5,2) -> 0 | C16: =MOD(B4+C3+D4+C5,2) -> 0 | D16: =MOD(C4+D3+E4+D5,2) -> 0 | E16: =MOD(D4+E3+F4+E5,2) -> 0 | F16: =MOD(E4+F3+G4+F5,2) -> 0 | G16: =MOD(F4+G3+H4+G5,2) -> 0 | H16: =MOD(G4+H3+I4+H5,2) -> 0 | I16: =MOD(H4+I3+J4+I5,2) -> 0 | ... L16: =MOD(K4+L3+M4+L5,2) -> 0 | N16: =MOD(M4+N3+O4+N5,2) -> 0 | O16: =MOD(N4+O3+P4+O5,2) -> 0 | P16: =MOD(O4+P3+Q4+P5,2) -> 0 | Q16: =MOD(P4+Q3+R4+Q5,2) -> 0 | R16: =MOD(Q4+R3+S4+R5,2) -> 0 | S16: =MOD(R4+S3+T4+S5,2) -> 0 | T16: =MOD(S4+T3+U4+T5,2) -> 0 | U16: =MOD(T4+U3+V4+U5,2) -> 0 | ... X16: =MOD(W4+X3+Y4+X5,2) -> 0 | Z16: =MOD(Y4+Z3+AA4+Z5,2) -> 0 | AA16: =MOD(Z4+AA3+AB4+AA5,2) -> 0 | AB16: =MOD(AA4+AB3+AC4+AB5,2) -> 0 | AC16: =MOD(AB4+AC3+AD4+AC5,2) -> 0 | AD16: =MOD(AC4+AD3+AE4+AD5,2) -> 0 | AE16: =MOD(AD4+AE3+AF4+AE5,2) -> 1 | AF16: =MOD(AE4+AF3+AG4+AF5,2) -> 0 | AG16: =MOD(AF4+AG3+AH4+AG5,2) -> 0 | ... AJ16: =MOD(AI4+AJ3+AK4+AJ5,2) -> 0 | AL16: Y=AX
B17: =MOD(A5+B4+C5+B6,2) -> 0 | C17: =MOD(B5+C4+D5+C6,2) -> 0 | D17: =MOD(C5+D4+E5+D6,2) -> 0 | E17: =MOD(D5+E4+F5+E6,2) -> 0 | F17: =MOD(E5+F4+G5+F6,2) -> 0 | G17: =MOD(F5+G4+H5+G6,2) -> 0 | H17: =MOD(G5+H4+I5+H6,2) -> 0 | I17: =MOD(H5+I4+J5+I6,2) -> 0 | ... L17: =MOD(K5+L4+M5+L6,2) -> 0 | N17: =MOD(M5+N4+O5+N6,2) -> 0 | O17: =MOD(N5+O4+P5+O6,2) -> 0 | P17: =MOD(O5+P4+Q5+P6,2) -> 0 | Q17: =MOD(P5+Q4+R5+Q6,2) -> 1 | R17: =MOD(Q5+R4+S5+R6,2) -> 0 | S17: =MOD(R5+S4+T5+S6,2) -> 1 | T17: =MOD(S5+T4+U5+T6,2) -> 0 | U17: =MOD(T5+U4+V5+U6,2) -> 0 | ... X17: =MOD(W5+X4+Y5+X6,2) -> 0 | Z17: =MOD(Y5+Z4+AA5+Z6,2) -> 0 | AA17: =MOD(Z5+AA4+AB5+AA6,2) -> 0 | AB17: =MOD(AA5+AB4+AC5+AB6,2) -> 0 | AC17: =MOD(AB5+AC4+AD5+AC6,2) -> 0 | AD17: =MOD(AC5+AD4+AE5+AD6,2) -> 0 | AE17: =MOD(AD5+AE4+AF5+AE6,2) -> 0 | AF17: =MOD(AE5+AF4+AG5+AF6,2) -> 0 | AG17: =MOD(AF5+AG4+AH5+AG6,2) -> 0 | ... AJ17: =MOD(AI5+AJ4+AK5+AJ6,2) -> 0
B18: =MOD(A6+B5+C6+B7,2) -> 0 | C18: =MOD(B6+C5+D6+C7,2) -> 0 | D18: =MOD(C6+D5+E6+D7,2) -> 0 | E18: =MOD(D6+E5+F6+E7,2) -> 0 | F18: =MOD(E6+F5+G6+F7,2) -> 0 | G18: =MOD(F6+G5+H6+G7,2) -> 0 | H18: =MOD(G6+H5+I6+H7,2) -> 0 | I18: =MOD(H6+I5+J6+I7,2) -> 0 | ... L18: =MOD(K6+L5+M6+L7,2) -> 0 | N18: =MOD(M6+N5+O6+N7,2) -> 1 | O18: =MOD(N6+O5+P6+O7,2) -> 0 | P18: =MOD(O6+P5+Q6+P7,2) -> 1 | Q18: =MOD(P6+Q5+R6+Q7,2) -> 0 | R18: =MOD(Q6+R5+S6+R7,2) -> 1 | S18: =MOD(R6+S5+T6+S7,2) -> 1 | T18: =MOD(S6+T5+U6+T7,2) -> 0 | U18: =MOD(T6+U5+V6+U7,2) -> 0 | ... X18: =MOD(W6+X5+Y6+X7,2) -> 0 | Z18: =MOD(Y6+Z5+AA6+Z7,2) -> 0 | AA18: =MOD(Z6+AA5+AB6+AA7,2) -> 0 | AB18: =MOD(AA6+AB5+AC6+AB7,2) -> 0 | AC18: =MOD(AB6+AC5+AD6+AC7,2) -> 0 | AD18: =MOD(AC6+AD5+AE6+AD7,2) -> 0 | AE18: =MOD(AD6+AE5+AF6+AE7,2) -> 1 | AF18: =MOD(AE6+AF5+AG6+AF7,2) -> 0 | AG18: =MOD(AF6+AG5+AH6+AG7,2) -> 0 | ... AJ18: =MOD(AI6+AJ5+AK6+AJ7,2) -> 0
B19: =MOD(A7+B6+C7+B8,2) -> 0 | C19: =MOD(B7+C6+D7+C8,2) -> 0 | D19: =MOD(C7+D6+E7+D8,2) -> 0 | E19: =MOD(D7+E6+F7+E8,2) -> 0 | F19: =MOD(E7+F6+G7+F8,2) -> 0 | G19: =MOD(F7+G6+H7+G8,2) -> 0 | H19: =MOD(G7+H6+I7+H8,2) -> 0 | I19: =MOD(H7+I6+J7+I8,2) -> 0 | ... L19: =MOD(K7+L6+M7+L8,2) -> 0 | N19: =MOD(M7+N6+O7+N8,2) -> 1 | O19: =MOD(N7+O6+P7+O8,2) -> 0 | P19: =MOD(O7+P6+Q7+P8,2) -> 1 | Q19: =MOD(P7+Q6+R7+Q8,2) -> 1 | R19: =MOD(Q7+R6+S7+R8,2) -> 1 | S19: =MOD(R7+S6+T7+S8,2) -> 0 | T19: =MOD(S7+T6+U7+T8,2) -> 0 | U19: =MOD(T7+U6+V7+U8,2) -> 0 | ... X19: =MOD(W7+X6+Y7+X8,2) -> 0 | Z19: =MOD(Y7+Z6+AA7+Z8,2) -> 1 | AA19: =MOD(Z7+AA6+AB7+AA8,2) -> 1 | AB19: =MOD(AA7+AB6+AC7+AB8,2) -> 0 | AC19: =MOD(AB7+AC6+AD7+AC8,2) -> 1 | AD19: =MOD(AC7+AD6+AE7+AD8,2) -> 1 | AE19: =MOD(AD7+AE6+AF7+AE8,2) -> 0 | AF19: =MOD(AE7+AF6+AG7+AF8,2) -> 0 | AG19: =MOD(AF7+AG6+AH7+AG8,2) -> 0 | ... AJ19: =MOD(AI7+AJ6+AK7+AJ8,2) -> 0
B20: =MOD(A8+B7+C8+B9,2) -> 0 | C20: =MOD(B8+C7+D8+C9,2) -> 0 | D20: =MOD(C8+D7+E8+D9,2) -> 0 | E20: =MOD(D8+E7+F8+E9,2) -> 0 | F20: =MOD(E8+F7+G8+F9,2) -> 0 | G20: =MOD(F8+G7+H8+G9,2) -> 0 | H20: =MOD(G8+H7+I8+H9,2) -> 0 | I20: =MOD(H8+I7+J8+I9,2) -> 0 | ... L20: =MOD(K8+L7+M8+L9,2) -> 0 | N20: =MOD(M8+N7+O8+N9,2) -> 0 | O20: =MOD(N8+O7+P8+O9,2) -> 0 | P20: =MOD(O8+P7+Q8+P9,2) -> 0 | Q20: =MOD(P8+Q7+R8+Q9,2) -> 1 | R20: =MOD(Q8+R7+S8+R9,2) -> 0 | S20: =MOD(R8+S7+T8+S9,2) -> 1 | T20: =MOD(S8+T7+U8+T9,2) -> 0 | U20: =MOD(T8+U7+V8+U9,2) -> 0 | ... X20: =MOD(W8+X7+Y8+X9,2) -> 0 | Z20: =MOD(Y8+Z7+AA8+Z9,2) -> 1 | AA20: =MOD(Z8+AA7+AB8+AA9,2) -> 1 | AB20: =MOD(AA8+AB7+AC8+AB9,2) -> 1 | AC20: =MOD(AB8+AC7+AD8+AC9,2) -> 1 | AD20: =MOD(AC8+AD7+AE8+AD9,2) -> 1 | AE20: =MOD(AD8+AE7+AF8+AE9,2) -> 1 | AF20: =MOD(AE8+AF7+AG8+AF9,2) -> 0 | AG20: =MOD(AF8+AG7+AH8+AG9,2) -> 0 | ... AJ20: =MOD(AI8+AJ7+AK8+AJ9,2) -> 0
B21: =MOD(A9+B8+C9+B10,2) -> 0 | C21: =MOD(B9+C8+D9+C10,2) -> 0 | D21: =MOD(C9+D8+E9+D10,2) -> 0 | E21: =MOD(D9+E8+F9+E10,2) -> 0 | F21: =MOD(E9+F8+G9+F10,2) -> 0 | G21: =MOD(F9+G8+H9+G10,2) -> 0 | H21: =MOD(G9+H8+I9+H10,2) -> 0 | I21: =MOD(H9+I8+J9+I10,2) -> 0 | ... L21: =MOD(K9+L8+M9+L10,2) -> 0 | N21: =MOD(M9+N8+O9+N10,2) -> 0 | O21: =MOD(N9+O8+P9+O10,2) -> 0 | P21: =MOD(O9+P8+Q9+P10,2) -> 0 | Q21: =MOD(P9+Q8+R9+Q10,2) -> 0 | R21: =MOD(Q9+R8+S9+R10,2) -> 0 | S21: =MOD(R9+S8+T9+S10,2) -> 0 | T21: =MOD(S9+T8+U9+T10,2) -> 0 | U21: =MOD(T9+U8+V9+U10,2) -> 0 | ... X21: =MOD(W9+X8+Y9+X10,2) -> 0 | Z21: =MOD(Y9+Z8+AA9+Z10,2) -> 0 | AA21: =MOD(Z9+AA8+AB9+AA10,2) -> 1 | AB21: =MOD(AA9+AB8+AC9+AB10,2) -> 0 | AC21: =MOD(AB9+AC8+AD9+AC10,2) -> 1 | AD21: =MOD(AC9+AD8+AE9+AD10,2) -> 1 | AE21: =MOD(AD9+AE8+AF9+AE10,2) -> 0 | AF21: =MOD(AE9+AF8+AG9+AF10,2) -> 0 | AG21: =MOD(AF9+AG8+AH9+AG10,2) -> 0 | ... AJ21: =MOD(AI9+AJ8+AK9+AJ10,2) -> 0
B22: =MOD(A10+B9+C10+B11,2) -> 0 | C22: =MOD(B10+C9+D10+C11,2) -> 0 | D22: =MOD(C10+D9+E10+D11,2) -> 0 | E22: =MOD(D10+E9+F10+E11,2) -> 0 | F22: =MOD(E10+F9+G10+F11,2) -> 0 | G22: =MOD(F10+G9+H10+G11,2) -> 0 | H22: =MOD(G10+H9+I10+H11,2) -> 0 | I22: =MOD(H10+I9+J10+I11,2) -> 0 | ... L22: =MOD(K10+L9+M10+L11,2) -> 0 | N22: =MOD(M10+N9+O10+N11,2) -> 1 | O22: =MOD(N10+O9+P10+O11,2) -> 0 | P22: =MOD(O10+P9+Q10+P11,2) -> 1 | Q22: =MOD(P10+Q9+R10+Q11,2) -> 0 | R22: =MOD(Q10+R9+S10+R11,2) -> 1 | S22: =MOD(R10+S9+T10+S11,2) -> 1 | T22: =MOD(S10+T9+U10+T11,2) -> 0 | U22: =MOD(T10+U9+V10+U11,2) -> 0 | ... X22: =MOD(W10+X9+Y10+X11,2) -> 0 | Z22: =MOD(Y10+Z9+AA10+Z11,2) -> 0 | AA22: =MOD(Z10+AA9+AB10+AA11,2) -> 1 | AB22: =MOD(AA10+AB9+AC10+AB11,2) -> 0 | AC22: =MOD(AB10+AC9+AD10+AC11,2) -> 1 | AD22: =MOD(AC10+AD9+AE10+AD11,2) -> 1 | AE22: =MOD(AD10+AE9+AF10+AE11,2) -> 1 | AF22: =MOD(AE10+AF9+AG10+AF11,2) -> 0 | AG22: =MOD(AF10+AG9+AH10+AG11,2) -> 0 | ... AJ22: =MOD(AI10+AJ9+AK10+AJ11,2) -> 0
B23: =MOD(A11+B10+C11+B12,2) -> 0 | C23: =MOD(B11+C10+D11+C12,2) -> 0 | D23: =MOD(C11+D10+E11+D12,2) -> 0 | E23: =MOD(D11+E10+F11+E12,2) -> 0 | F23: =MOD(E11+F10+G11+F12,2) -> 0 | G23: =MOD(F11+G10+H11+G12,2) -> 0 | H23: =MOD(G11+H10+I11+H12,2) -> 0 | I23: =MOD(H11+I10+J11+I12,2) -> 0 | ... L23: =MOD(K11+L10+M11+L12,2) -> 0 | N23: =MOD(M11+N10+O11+N12,2) -> 0 | O23: =MOD(N11+O10+P11+O12,2) -> 0 | P23: =MOD(O11+P10+Q11+P12,2) -> 0 | Q23: =MOD(P11+Q10+R11+Q12,2) -> 0 | R23: =MOD(Q11+R10+S11+R12,2) -> 0 | S23: =MOD(R11+S10+T11+S12,2) -> 0 | T23: =MOD(S11+T10+U11+T12,2) -> 0 | U23: =MOD(T11+U10+V11+U12,2) -> 0 | ... X23: =MOD(W11+X10+Y11+X12,2) -> 0 | Z23: =MOD(Y11+Z10+AA11+Z12,2) -> 0 | AA23: =MOD(Z11+AA10+AB11+AA12,2) -> 0 | AB23: =MOD(AA11+AB10+AC11+AB12,2) -> 0 | AC23: =MOD(AB11+AC10+AD11+AC12,2) -> 0 | AD23: =MOD(AC11+AD10+AE11+AD12,2) -> 0 | AE23: =MOD(AD11+AE10+AF11+AE12,2) -> 0 | AF23: =MOD(AE11+AF10+AG11+AF12,2) -> 0 | AG23: =MOD(AF11+AG10+AH11+AG12,2) -> 0 | ... AJ23: =MOD(AI11+AJ10+AK11+AJ12,2) -> 0
B24: =MOD(A12+B11+C12+B13,2) -> 0 | C24: =MOD(B12+C11+D12+C13,2) -> 0 | D24: =MOD(C12+D11+E12+D13,2) -> 0 | E24: =MOD(D12+E11+F12+E13,2) -> 0 | F24: =MOD(E12+F11+G12+F13,2) -> 0 | G24: =MOD(F12+G11+H12+G13,2) -> 0 | H24: =MOD(G12+H11+I12+H13,2) -> 0 | I24: =MOD(H12+I11+J12+I13,2) -> 0 | ... L24: =MOD(K12+L11+M12+L13,2) -> 0 | N24: =MOD(M12+N11+O12+N13,2) -> 1 | O24: =MOD(N12+O11+P12+O13,2) -> 0 | P24: =MOD(O12+P11+Q12+P13,2) -> 1 | Q24: =MOD(P12+Q11+R12+Q13,2) -> 0 | R24: =MOD(Q12+R11+S12+R13,2) -> 1 | S24: =MOD(R12+S11+T12+S13,2) -> 1 | T24: =MOD(S12+T11+U12+T13,2) -> 0 | U24: =MOD(T12+U11+V12+U13,2) -> 0 | ... X24: =MOD(W12+X11+Y12+X13,2) -> 0 | Z24: =MOD(Y12+Z11+AA12+Z13,2) -> 0 | AA24: =MOD(Z12+AA11+AB12+AA13,2) -> 1 | AB24: =MOD(AA12+AB11+AC12+AB13,2) -> 0 | AC24: =MOD(AB12+AC11+AD12+AC13,2) -> 1 | AD24: =MOD(AC12+AD11+AE12+AD13,2) -> 1 | AE24: =MOD(AD12+AE11+AF12+AE13,2) -> 0 | AF24: =MOD(AE12+AF11+AG12+AF13,2) -> 0 | AG24: =MOD(AF12+AG11+AH12+AG13,2) -> 0 | ... AJ24: =MOD(AI12+AJ11+AK12+AJ13,2) -> 0
B25: =MOD(A13+B12+C13+B14,2) -> 0 | C25: =MOD(B13+C12+D13+C14,2) -> 0 | D25: =MOD(C13+D12+E13+D14,2) -> 0 | E25: =MOD(D13+E12+F13+E14,2) -> 0 | F25: =MOD(E13+F12+G13+F14,2) -> 0 | G25: =MOD(F13+G12+H13+G14,2) -> 0 | H25: =MOD(G13+H12+I13+H14,2) -> 0 | I25: =MOD(H13+I12+J13+I14,2) -> 0 | ... L25: =MOD(K13+L12+M13+L14,2) -> 0 | N25: =MOD(M13+N12+O13+N14,2) -> 1 | O25: =MOD(N13+O12+P13+O14,2) -> 0 | P25: =MOD(O13+P12+Q13+P14,2) -> 1 | Q25: =MOD(P13+Q12+R13+Q14,2) -> 0 | R25: =MOD(Q13+R12+S13+R14,2) -> 1 | S25: =MOD(R13+S12+T13+S14,2) -> 1 | T25: =MOD(S13+T12+U13+T14,2) -> 0 | U25: =MOD(T13+U12+V13+U14,2) -> 0 | ... X25: =MOD(W13+X12+Y13+X14,2) -> 0 | Z25: =MOD(Y13+Z12+AA13+Z14,2) -> 0 | AA25: =MOD(Z13+AA12+AB13+AA14,2) -> 1 | AB25: =MOD(AA13+AB12+AC13+AB14,2) -> 0 | AC25: =MOD(AB13+AC12+AD13+AC14,2) -> 1 | AD25: =MOD(AC13+AD12+AE13+AD14,2) -> 1 | AE25: =MOD(AD13+AE12+AF13+AE14,2) -> 1 | AF25: =MOD(AE13+AF12+AG13+AF14,2) -> 0 | AG25: =MOD(AF13+AG12+AH13+AG14,2) -> 0 | ... AJ25: =MOD(AI13+AJ12+AK13+AJ14,2) -> 0
B27: 0 | C27: 0 | D27: 1 | E27: 0 | F27: 1 | G27: 0 | H27: 1 | I27: 0 | J27: 1 | K27: 0 | L27: 0 | M27: 0 | N27: 0 | O27: 0 | Q27: 0 | R27: 0 | S27: 1 | T27: 0 | U27: 1 | V27: 0 | W27: 1 | X27: 0 | Y27: 1 | Z27: 0 | AA27: 0 | AB27: 0 | AC27: 0 | AD27: 0
B28: 0 | C28: 0 | D28: 0 | E28: 1 | F28: 0 | G28: 1 | H28: 0 | I28: 1 | J28: 0 | K28: 1 | L28: 0 | M28: 0 | N28: 0 | O28: 0 | Q28: 0 | R28: 1 | S28: 0 | T28: 0 | U28: 0 | V28: 0 | W28: 0 | X28: 0 | Y28: 0 | Z28: 1 | AA28: 0 | AB28: 0 | AC28: 0 | AD28: 0
B29: 1 | C29: 0 | D29: 0 | E29: 0 | F29: 1 | G29: 0 | H29: 1 | I29: 0 | J29: 0 | K29: 0 | L29: 0 | M29: 0 | N29: 0 | O29: 0 | Q29: 1 | R29: 0 | S29: 0 | T29: 0 | U29: 1 | V29: 0 | W29: 1 | X29: 0 | Y29: 0 | Z29: 0 | AA29: 0 | AB29: 0 | AC29: 0 | AD29: 0
B30: 0 | C30: 1 | D30: 0 | E30: 0 | F30: 0 | G30: 1 | H30: 0 | I30: 0 | J30: 0 | K30: 1 | L30: 0 | M30: 0 | N30: 0 | O30: 0 | Q30: 0 | R30: 0 | S30: 0 | T30: 1 | U30: 0 | V30: 0 | W30: 0 | X30: 1 | Y30: 0 | Z30: 1 | AA30: 0 | AB30: 0 | AC30: 0 | AD30: 0
B31: 1 | C31: 0 | D31: 1 | E31: 0 | F31: 0 | G31: 0 | H31: 0 | I31: 0 | J31: 0 | K31: 0 | L31: 0 | M31: 0 | N31: 0 | O31: 0 | Q31: 1 | R31: 0 | S31: 1 | T31: 0 | U31: 0 | V31: 0 | W31: 0 | X31: 0 | Y31: 0 | Z31: 0 | AA31: 0 | AB31: 0 | AC31: 0 | AD31: 0
B32: 0 | C32: 1 | D32: 0 | E32: 1 | F32: 0 | G32: 1 | H32: 0 | I32: 0 | J32: 0 | K32: 1 | L32: 0 | M32: 0 | N32: 0 | O32: 0 | Q32: 0 | R32: 0 | S32: 0 | T32: 0 | U32: 0 | V32: 0 | W32: 0 | X32: 1 | Y32: 0 | Z32: 1 | AA32: 0 | AB32: 0 | AC32: 0 | AD32: 0
B33: 1 | C33: 0 | D33: 1 | E33: 0 | F33: 0 | G33: 0 | H33: 1 | I33: 0 | J33: 0 | K33: 0 | L33: 0 | M33: 0 | N33: 0 | O33: 0 | Q33: 1 | R33: 0 | S33: 1 | T33: 0 | U33: 0 | V33: 0 | W33: 1 | X33: 0 | Y33: 0 | Z33: 0 | AA33: 0 | AB33: 0 | AC33: 0 | AD33: 0
B34: 0 | C34: 1 | D34: 0 | E34: 0 | F34: 0 | G34: 0 | H34: 0 | I34: 1 | J34: 0 | K34: 1 | L34: 0 | M34: 0 | N34: 0 | O34: 0 | Q34: 0 | R34: 0 | S34: 0 | T34: 1 | U34: 0 | V34: 1 | W34: 0 | X34: 0 | Y34: 0 | Z34: 1 | AA34: 0 | AB34: 0 | AC34: 0 | AD34: 0
B35: 1 | C35: 0 | D35: 0 | E35: 0 | F35: 0 | G35: 0 | H35: 0 | I35: 0 | J35: 1 | K35: 0 | L35: 0 | M35: 0 | N35: 0 | O35: 0 | Q35: 1 | R35: 0 | S35: 0 | T35: 0 | U35: 0 | V35: 0 | W35: 0 | X35: 0 | Y35: 1 | Z35: 0 | AA35: 0 | AB35: 0 | AC35: 0 | AD35: 0
B36: 0 | C36: 1 | D36: 0 | E36: 1 | F36: 0 | G36: 1 | H36: 0 | I36: 1 | J36: 0 | K36: 0 | L36: 0 | M36: 0 | N36: 0 | O36: 0 | Q36: 0 | R36: 1 | S36: 0 | T36: 1 | U36: 0 | V36: 1 | W36: 0 | X36: 1 | Y36: 0 | Z36: 0 | AA36: 0 | AB36: 0 | AC36: 0 | AD36: 0
B37: 1 | C37: 0 | D37: 0 | E37: 0 | F37: 0 | G37: 0 | H37: 0 | I37: 0 | J37: 1 | K37: 0 | L37: 1 | M37: 0 | N37: 0 | O37: 0 | Q37: 1 | R37: 0 | S37: 0 | T37: 0 | U37: 0 | V37: 0 | W37: 0 | X37: 0 | Y37: 1 | Z37: 0 | AA37: 1 | AB37: 0 | AC37: 0 | AD37: 0
B38: 0 | C38: 1 | D38: 0 | E38: 0 | F38: 0 | G38: 0 | H38: 0 | I38: 1 | J38: 0 | K38: 0 | L38: 0 | M38: 1 | N38: 0 | O38: 0 | Q38: 0 | R38: 1 | S38: 0 | T38: 0 | U38: 0 | V38: 0 | W38: 0 | X38: 1 | Y38: 0 | Z38: 0 | AA38: 0 | AB38: 1 | AC38: 0 | AD38: 0
... B40: 0 | C40: 0 | D40: 0 | E40: 1 | F40: 0 | G40: 1 | H40: 0 | I40: 0 | J40: 0 | K40: 0 | L40: 0 | M40: 0 | N40: 0 | O40: 1 | Q40: 0 | R40: 0 | S40: 0 | T40: 1 | U40: 0 | V40: 1 | W40: 0 | X40: 0 | Y40: 0 | Z40: 0 | AA40: 0 | AB40: 0 | AC40: 0 | AD40: 1
B42: =MOD(A27+B26+C27+B28,2) -> 0 | C42: =MOD(B27+C26+D27+C28,2) -> 1 | D42: =MOD(C27+D26+E27+D28,2) -> 0 | E42: =MOD(D27+E26+F27+E28,2) -> 1 | F42: =MOD(E27+F26+G27+F28,2) -> 0 | G42: =MOD(F27+G26+H27+G28,2) -> 1 | H42: =MOD(G27+H26+I27+H28,2) -> 0 | I42: =MOD(H27+I26+J27+I28,2) -> 1 | ... O42: =MOD(N27+O26+P27+O28,2) -> 0 | Q42: =MOD(P27+Q26+R27+Q28,2) -> 0 | R42: =MOD(Q27+R26+S27+R28,2) -> 0 | S42: =MOD(R27+S26+T27+S28,2) -> 0 | T42: =MOD(S27+T26+U27+T28,2) -> 0 | U42: =MOD(T27+U26+V27+U28,2) -> 0 | V42: =MOD(U27+V26+W27+V28,2) -> 0 | W42: =MOD(V27+W26+X27+W28,2) -> 0 | X42: =MOD(W27+X26+Y27+X28,2) -> 0 | ... AD42: =MOD(AC27+AD26+AE27+AD28,2) -> 0
B43: =MOD(A28+B27+C28+B29,2) -> 1 | C43: =MOD(B28+C27+D28+C29,2) -> 0 | D43: =MOD(C28+D27+E28+D29,2) -> 0 | E43: =MOD(D28+E27+F28+E29,2) -> 0 | F43: =MOD(E28+F27+G28+F29,2) -> 0 | G43: =MOD(F28+G27+H28+G29,2) -> 0 | H43: =MOD(G28+H27+I28+H29,2) -> 0 | I43: =MOD(H28+I27+J28+I29,2) -> 0 | ... O43: =MOD(N28+O27+P28+O29,2) -> 0 | Q43: =MOD(P28+Q27+R28+Q29,2) -> 0 | R43: =MOD(Q28+R27+S28+R29,2) -> 0 | S43: =MOD(R28+S27+T28+S29,2) -> 0 | T43: =MOD(S28+T27+U28+T29,2) -> 0 | U43: =MOD(T28+U27+V28+U29,2) -> 0 | V43: =MOD(U28+V27+W28+V29,2) -> 0 | W43: =MOD(V28+W27+X28+W29,2) -> 0 | X43: =MOD(W28+X27+Y28+X29,2) -> 0 | ... AD43: =MOD(AC28+AD27+AE28+AD29,2) -> 0
B44: =MOD(A29+B28+C29+B30,2) -> 0 | C44: =MOD(B29+C28+D29+C30,2) -> 0 | D44: =MOD(C29+D28+E29+D30,2) -> 0 | E44: =MOD(D29+E28+F29+E30,2) -> 0 | F44: =MOD(E29+F28+G29+F30,2) -> 0 | G44: =MOD(F29+G28+H29+G30,2) -> 0 | H44: =MOD(G29+H28+I29+H30,2) -> 0 | I44: =MOD(H29+I28+J29+I30,2) -> 0 | ... O44: =MOD(N29+O28+P29+O30,2) -> 0 | Q44: =MOD(P29+Q28+R29+Q30,2) -> 0 | R44: =MOD(Q29+R28+S29+R30,2) -> 0 | S44: =MOD(R29+S28+T29+S30,2) -> 0 | T44: =MOD(S29+T28+U29+T30,2) -> 0 | U44: =MOD(T29+U28+V29+U30,2) -> 0 | V44: =MOD(U29+V28+W29+V30,2) -> 0 | W44: =MOD(V29+W28+X29+W30,2) -> 0 | X44: =MOD(W29+X28+Y29+X30,2) -> 0 | ... AD44: =MOD(AC29+AD28+AE29+AD30,2) -> 0
B45: =MOD(A30+B29+C30+B31,2) -> 1 | C45: =MOD(B30+C29+D30+C31,2) -> 0 | D45: =MOD(C30+D29+E30+D31,2) -> 0 | E45: =MOD(D30+E29+F30+E31,2) -> 0 | F45: =MOD(E30+F29+G30+F31,2) -> 0 | G45: =MOD(F30+G29+H30+G31,2) -> 0 | H45: =MOD(G30+H29+I30+H31,2) -> 0 | I45: =MOD(H30+I29+J30+I31,2) -> 0 | ... O45: =MOD(N30+O29+P30+O31,2) -> 0 | Q45: =MOD(P30+Q29+R30+Q31,2) -> 0 | R45: =MOD(Q30+R29+S30+R31,2) -> 0 | S45: =MOD(R30+S29+T30+S31,2) -> 0 | T45: =MOD(S30+T29+U30+T31,2) -> 0 | U45: =MOD(T30+U29+V30+U31,2) -> 0 | V45: =MOD(U30+V29+W30+V31,2) -> 0 | W45: =MOD(V30+W29+X30+W31,2) -> 0 | X45: =MOD(W30+X29+Y30+X31,2) -> 0 | ... AD45: =MOD(AC30+AD29+AE30+AD31,2) -> 0
B46: =MOD(A31+B30+C31+B32,2) -> 0 | C46: =MOD(B31+C30+D31+C32,2) -> 0 | D46: =MOD(C31+D30+E31+D32,2) -> 0 | E46: =MOD(D31+E30+F31+E32,2) -> 0 | F46: =MOD(E31+F30+G31+F32,2) -> 0 | G46: =MOD(F31+G30+H31+G32,2) -> 0 | H46: =MOD(G31+H30+I31+H32,2) -> 0 | I46: =MOD(H31+I30+J31+I32,2) -> 0 | ... O46: =MOD(N31+O30+P31+O32,2) -> 0 | Q46: =MOD(P31+Q30+R31+Q32,2) -> 0 | R46: =MOD(Q31+R30+S31+R32,2) -> 0 | S46: =MOD(R31+S30+T31+S32,2) -> 0 | T46: =MOD(S31+T30+U31+T32,2) -> 0 | U46: =MOD(T31+U30+V31+U32,2) -> 0 | V46: =MOD(U31+V30+W31+V32,2) -> 0 | W46: =MOD(V31+W30+X31+W32,2) -> 0 | X46: =MOD(W31+X30+Y31+X32,2) -> 0 | ... AD46: =MOD(AC31+AD30+AE31+AD32,2) -> 0
B47: =MOD(A32+B31+C32+B33,2) -> 1 | C47: =MOD(B32+C31+D32+C33,2) -> 0 | D47: =MOD(C32+D31+E32+D33,2) -> 0 | E47: =MOD(D32+E31+F32+E33,2) -> 0 | F47: =MOD(E32+F31+G32+F33,2) -> 0 | G47: =MOD(F32+G31+H32+G33,2) -> 0 | H47: =MOD(G32+H31+I32+H33,2) -> 0 | I47: =MOD(H32+I31+J32+I33,2) -> 0 | ... O47: =MOD(N32+O31+P32+O33,2) -> 0 | Q47: =MOD(P32+Q31+R32+Q33,2) -> 0 | R47: =MOD(Q32+R31+S32+R33,2) -> 0 | S47: =MOD(R32+S31+T32+S33,2) -> 0 | T47: =MOD(S32+T31+U32+T33,2) -> 0 | U47: =MOD(T32+U31+V32+U33,2) -> 0 | V47: =MOD(U32+V31+W32+V33,2) -> 0 | W47: =MOD(V32+W31+X32+W33,2) -> 0 | X47: =MOD(W32+X31+Y32+X33,2) -> 0 | ... AD47: =MOD(AC32+AD31+AE32+AD33,2) -> 0
B48: =MOD(A33+B32+C33+B34,2) -> 0 | C48: =MOD(B33+C32+D33+C34,2) -> 0 | D48: =MOD(C33+D32+E33+D34,2) -> 0 | E48: =MOD(D33+E32+F33+E34,2) -> 0 | F48: =MOD(E33+F32+G33+F34,2) -> 0 | G48: =MOD(F33+G32+H33+G34,2) -> 0 | H48: =MOD(G33+H32+I33+H34,2) -> 0 | I48: =MOD(H33+I32+J33+I34,2) -> 0 | ... O48: =MOD(N33+O32+P33+O34,2) -> 0 | Q48: =MOD(P33+Q32+R33+Q34,2) -> 0 | R48: =MOD(Q33+R32+S33+R34,2) -> 0 | S48: =MOD(R33+S32+T33+S34,2) -> 0 | T48: =MOD(S33+T32+U33+T34,2) -> 0 | U48: =MOD(T33+U32+V33+U34,2) -> 0 | V48: =MOD(U33+V32+W33+V34,2) -> 0 | W48: =MOD(V33+W32+X33+W34,2) -> 0 | X48: =MOD(W33+X32+Y33+X34,2) -> 0 | ... AD48: =MOD(AC33+AD32+AE33+AD34,2) -> 0
B49: =MOD(A34+B33+C34+B35,2) -> 1 | C49: =MOD(B34+C33+D34+C35,2) -> 0 | D49: =MOD(C34+D33+E34+D35,2) -> 0 | E49: =MOD(D34+E33+F34+E35,2) -> 0 | F49: =MOD(E34+F33+G34+F35,2) -> 0 | G49: =MOD(F34+G33+H34+G35,2) -> 0 | H49: =MOD(G34+H33+I34+H35,2) -> 0 | I49: =MOD(H34+I33+J34+I35,2) -> 0 | ... O49: =MOD(N34+O33+P34+O35,2) -> 0 | Q49: =MOD(P34+Q33+R34+Q35,2) -> 0 | R49: =MOD(Q34+R33+S34+R35,2) -> 0 | S49: =MOD(R34+S33+T34+S35,2) -> 0 | T49: =MOD(S34+T33+U34+T35,2) -> 0 | U49: =MOD(T34+U33+V34+U35,2) -> 0 | V49: =MOD(U34+V33+W34+V35,2) -> 0 | W49: =MOD(V34+W33+X34+W35,2) -> 0 | X49: =MOD(W34+X33+Y34+X35,2) -> 0 | ... AD49: =MOD(AC34+AD33+AE34+AD35,2) -> 0
B50: =MOD(A35+B34+C35+B36,2) -> 0 | C50: =MOD(B35+C34+D35+C36,2) -> 1 | D50: =MOD(C35+D34+E35+D36,2) -> 0 | E50: =MOD(D35+E34+F35+E36,2) -> 1 | F50: =MOD(E35+F34+G35+F36,2) -> 0 | G50: =MOD(F35+G34+H35+G36,2) -> 1 | H50: =MOD(G35+H34+I35+H36,2) -> 0 | I50: =MOD(H35+I34+J35+I36,2) -> 1 | ... O50: =MOD(N35+O34+P35+O36,2) -> 0 | Q50: =MOD(P35+Q34+R35+Q36,2) -> 0 | R50: =MOD(Q35+R34+S35+R36,2) -> 0 | S50: =MOD(R35+S34+T35+S36,2) -> 0 | T50: =MOD(S35+T34+U35+T36,2) -> 0 | U50: =MOD(T35+U34+V35+U36,2) -> 0 | V50: =MOD(U35+V34+W35+V36,2) -> 0 | W50: =MOD(V35+W34+X35+W36,2) -> 0 | X50: =MOD(W35+X34+Y35+X36,2) -> 0 | ... AD50: =MOD(AC35+AD34+AE35+AD36,2) -> 0
B51: =MOD(A36+B35+C36+B37,2) -> 1 | C51: =MOD(B36+C35+D36+C37,2) -> 0 | D51: =MOD(C36+D35+E36+D37,2) -> 0 | E51: =MOD(D36+E35+F36+E37,2) -> 0 | F51: =MOD(E36+F35+G36+F37,2) -> 0 | G51: =MOD(F36+G35+H36+G37,2) -> 0 | H51: =MOD(G36+H35+I36+H37,2) -> 0 | I51: =MOD(H36+I35+J36+I37,2) -> 0 | ... O51: =MOD(N36+O35+P36+O37,2) -> 0 | Q51: =MOD(P36+Q35+R36+Q37,2) -> 1 | R51: =MOD(Q36+R35+S36+R37,2) -> 0 | S51: =MOD(R36+S35+T36+S37,2) -> 0 | T51: =MOD(S36+T35+U36+T37,2) -> 0 | U51: =MOD(T36+U35+V36+U37,2) -> 0 | V51: =MOD(U36+V35+W36+V37,2) -> 0 | W51: =MOD(V36+W35+X36+W37,2) -> 0 | X51: =MOD(W36+X35+Y36+X37,2) -> 0 | ... AD51: =MOD(AC36+AD35+AE36+AD37,2) -> 0
B52: =MOD(A37+B36+C37+B38,2) -> 0 | C52: =MOD(B37+C36+D37+C38,2) -> 1 | D52: =MOD(C37+D36+E37+D38,2) -> 0 | E52: =MOD(D37+E36+F37+E38,2) -> 1 | F52: =MOD(E37+F36+G37+F38,2) -> 0 | G52: =MOD(F37+G36+H37+G38,2) -> 1 | H52: =MOD(G37+H36+I37+H38,2) -> 0 | I52: =MOD(H37+I36+J37+I38,2) -> 1 | ... O52: =MOD(N37+O36+P37+O38,2) -> 0 | Q52: =MOD(P37+Q36+R37+Q38,2) -> 0 | R52: =MOD(Q37+R36+S37+R38,2) -> 1 | S52: =MOD(R37+S36+T37+S38,2) -> 0 | T52: =MOD(S37+T36+U37+T38,2) -> 1 | U52: =MOD(T37+U36+V37+U38,2) -> 0 | V52: =MOD(U37+V36+W37+V38,2) -> 1 | W52: =MOD(V37+W36+X37+W38,2) -> 0 | X52: =MOD(W37+X36+Y37+X38,2) -> 1 | ... AD52: =MOD(AC37+AD36+AE37+AD38,2) -> 0
B53: =MOD(A38+B37+C38+B39,2) -> 0 | C53: =MOD(B38+C37+D38+C39,2) -> 0 | D53: =MOD(C38+D37+E38+D39,2) -> 0 | E53: =MOD(D38+E37+F38+E39,2) -> 0 | F53: =MOD(E38+F37+G38+F39,2) -> 0 | G53: =MOD(F38+G37+H38+G39,2) -> 0 | H53: =MOD(G38+H37+I38+H39,2) -> 0 | I53: =MOD(H38+I37+J38+I39,2) -> 0 | ... O53: =MOD(N38+O37+P38+O39,2) -> 0 | Q53: =MOD(P38+Q37+R38+Q39,2) -> 0 | R53: =MOD(Q38+R37+S38+R39,2) -> 0 | S53: =MOD(R38+S37+T38+S39,2) -> 0 | T53: =MOD(S38+T37+U38+T39,2) -> 0 | U53: =MOD(T38+U37+V38+U39,2) -> 0 | V53: =MOD(U38+V37+W38+V39,2) -> 0 | W53: =MOD(V38+W37+X38+W39,2) -> 0 | X53: =MOD(W38+X37+Y38+X39,2) -> 0 | ... AD53: =MOD(AC38+AD37+AE38+AD39,2) -> 0
... B55: =MOD(A40+B39+C40+B41,2) -> 0 | C55: =MOD(B40+C39+D40+C41,2) -> 0 | D55: =MOD(C40+D39+E40+D41,2) -> 0 | E55: =MOD(D40+E39+F40+E41,2) -> 0 | F55: =MOD(E40+F39+G40+F41,2) -> 0 | G55: =MOD(F40+G39+H40+G41,2) -> 0 | H55: =MOD(G40+H39+I40+H41,2) -> 0 | I55: =MOD(H40+I39+J40+I41,2) -> 0 | ... O55: =MOD(N40+O39+P40+O41,2) -> 0 | Q55: =MOD(P40+Q39+R40+Q41,2) -> 0 | R55: =MOD(Q40+R39+S40+R41,2) -> 0 | S55: =MOD(R40+S39+T40+S41,2) -> 0 | T55: =MOD(S40+T39+U40+T41,2) -> 0 | U55: =MOD(T40+U39+V40+U41,2) -> 0 | V55: =MOD(U40+V39+W40+V41,2) -> 0 | W55: =MOD(V40+W39+X40+W41,2) -> 0 | X55: =MOD(W40+X39+Y40+X41,2) -> 0 | ... AD55: =MOD(AC40+AD39+AE40+AD41,2) -> 0
B57: 0 | C57: 0 | D57: 1 | E57: 0 | F57: 0 | G57: 0 | H57: 0 | I57: 0 | J57: 0 | K57: 0 | L57: 0 | M57: 0 | N57: 0 | O57: 0 | P57: 0 | Q57: 0 | S57: 0 | T57: 0 | U57: 0 | V57: 0 | W57: 1 | X57: 0 | Y57: 0 | Z57: 0 | AA57: 0 | AB57: 0 | AC57: 0 | AD57: 0 | AE57: 0 | AF57: 0 | AG57: 0 | AH57: 0
B58: 0 | C58: 0 | D58: 0 | E58: 0 | F58: 0 | G58: 0 | H58: 0 | I58: 1 | J58: 0 | K58: 0 | L58: 0 | M58: 0 | N58: 0 | O58: 0 | P58: 0 | Q58: 0 | S58: 0 | T58: 0 | U58: 0 | V58: 1 | W58: 0 | X58: 1 | Y58: 0 | Z58: 0 | AA58: 0 | AB58: 0 | AC58: 0 | AD58: 0 | AE58: 0 | AF58: 0 | AG58: 0 | AH58: 0
B59: 1 | C59: 0 | D59: 0 | E59: 0 | F59: 0 | G59: 0 | H59: 1 | I59: 0 | J59: 0 | K59: 0 | L59: 0 | M59: 0 | N59: 0 | O59: 0 | P59: 0 | Q59: 0 | S59: 0 | T59: 0 | U59: 1 | V59: 0 | W59: 1 | X59: 0 | Y59: 1 | Z59: 0 | AA59: 0 | AB59: 0 | AC59: 0 | AD59: 0 | AE59: 0 | AF59: 0 | AG59: 0 | AH59: 0
B60: 0 | C60: 0 | D60: 0 | E60: 1 | F60: 0 | G60: 1 | H60: 0 | I60: 1 | J60: 0 | K60: 0 | L60: 0 | M60: 0 | N60: 0 | O60: 0 | P60: 0 | Q60: 0 | S60: 0 | T60: 1 | U60: 0 | V60: 1 | W60: 0 | X60: 1 | Y60: 0 | Z60: 1 | AA60: 0 | AB60: 0 | AC60: 0 | AD60: 0 | AE60: 0 | AF60: 0 | AG60: 0 | AH60: 0
B61: 0 | C61: 0 | D61: 0 | E61: 0 | F61: 0 | G61: 0 | H61: 1 | I61: 0 | J61: 0 | K61: 0 | L61: 0 | M61: 0 | N61: 0 | O61: 0 | P61: 0 | Q61: 0 | S61: 1 | T61: 0 | U61: 1 | V61: 0 | W61: 1 | X61: 0 | Y61: 1 | Z61: 0 | AA61: 0 | AB61: 0 | AC61: 0 | AD61: 0 | AE61: 0 | AF61: 0 | AG61: 0 | AH61: 0
B62: 0 | C62: 0 | D62: 0 | E62: 1 | F62: 0 | G62: 0 | H62: 0 | I62: 0 | J62: 0 | K62: 0 | L62: 0 | M62: 0 | N62: 0 | O62: 0 | P62: 0 | Q62: 0 | S62: 0 | T62: 1 | U62: 0 | V62: 1 | W62: 0 | X62: 1 | Y62: 0 | Z62: 0 | AA62: 0 | AB62: 0 | AC62: 0 | AD62: 0 | AE62: 0 | AF62: 0 | AG62: 0 | AH62: 0
B63: 0 | C63: 0 | D63: 1 | E63: 0 | F63: 1 | G63: 0 | H63: 1 | I63: 0 | J63: 0 | K63: 0 | L63: 0 | M63: 0 | N63: 0 | O63: 0 | P63: 0 | Q63: 0 | S63: 0 | T63: 0 | U63: 1 | V63: 0 | W63: 1 | X63: 0 | Y63: 0 | Z63: 0 | AA63: 0 | AB63: 0 | AC63: 0 | AD63: 0 | AE63: 0 | AF63: 0 | AG63: 0 | AH63: 0
B64: 0 | C64: 1 | D64: 0 | E64: 1 | F64: 0 | G64: 0 | H64: 0 | I64: 1 | J64: 0 | K64: 0 | L64: 0 | M64: 0 | N64: 0 | O64: 0 | P64: 0 | Q64: 0 | S64: 0 | T64: 0 | U64: 0 | V64: 1 | W64: 0 | X64: 0 | Y64: 0 | Z64: 0 | AA64: 0 | AB64: 0 | AC64: 0 | AD64: 0 | AE64: 0 | AF64: 0 | AG64: 0 | AH64: 0
B65: 1 | C65: 0 | D65: 1 | E65: 0 | F65: 0 | G65: 0 | H65: 0 | I65: 0 | J65: 1 | K65: 0 | L65: 0 | M65: 0 | N65: 0 | O65: 0 | P65: 0 | Q65: 0 | S65: 1 | T65: 0 | U65: 0 | V65: 0 | W65: 1 | X65: 0 | Y65: 0 | Z65: 0 | AA65: 1 | AB65: 0 | AC65: 0 | AD65: 0 | AE65: 0 | AF65: 0 | AG65: 0 | AH65: 0
B66: 0 | C66: 0 | D66: 0 | E66: 1 | F66: 0 | G66: 0 | H66: 0 | I66: 1 | J66: 0 | K66: 1 | L66: 0 | M66: 0 | N66: 0 | O66: 0 | P66: 0 | Q66: 0 | S66: 0 | T66: 1 | U66: 0 | V66: 0 | W66: 0 | X66: 0 | Y66: 0 | Z66: 0 | AA66: 0 | AB66: 1 | AC66: 0 | AD66: 0 | AE66: 0 | AF66: 0 | AG66: 0 | AH66: 0
B67: 0 | C67: 0 | D67: 1 | E67: 0 | F67: 1 | G67: 0 | H67: 1 | I67: 0 | J67: 0 | K67: 0 | L67: 1 | M67: 0 | N67: 0 | O67: 0 | P67: 0 | Q67: 0 | S67: 0 | T67: 0 | U67: 1 | V67: 0 | W67: 1 | X67: 0 | Y67: 0 | Z67: 0 | AA67: 0 | AB67: 0 | AC67: 1 | AD67: 0 | AE67: 0 | AF67: 0 | AG67: 0 | AH67: 0
B68: 0 | C68: 1 | D68: 0 | E68: 1 | F68: 0 | G68: 0 | H68: 0 | I68: 0 | J68: 0 | K68: 0 | L68: 0 | M68: 1 | N68: 0 | O68: 0 | P68: 0 | Q68: 0 | S68: 0 | T68: 0 | U68: 0 | V68: 0 | W68: 0 | X68: 1 | Y68: 0 | Z68: 0 | AA68: 0 | AB68: 0 | AC68: 0 | AD68: 1 | AE68: 0 | AF68: 0 | AG68: 0 | AH68: 0
... B72: 0 | C72: 1 | D72: 0 | E72: 0 | F72: 0 | G72: 1 | H72: 0 | I72: 0 | J72: 0 | K72: 0 | L72: 0 | M72: 0 | N72: 0 | O72: 0 | P72: 0 | Q72: 1 | S72: 0 | T72: 1 | U72: 0 | V72: 0 | W72: 0 | X72: 1 | Y72: 0 | Z72: 1 | AA72: 0 | AB72: 0 | AC72: 0 | AD72: 0 | AE72: 0 | AF72: 0 | AG72: 0 | AH72: 1
B74: =MOD(A57+B56+C57+B58,2) -> 0 | C74: =MOD(B57+C56+D57+C58,2) -> 1 | D74: =MOD(C57+D56+E57+D58,2) -> 0 | E74: =MOD(D57+E56+F57+E58,2) -> 1 | F74: =MOD(E57+F56+G57+F58,2) -> 0 | G74: =MOD(F57+G56+H57+G58,2) -> 0 | H74: =MOD(G57+H56+I57+H58,2) -> 0 | I74: =MOD(H57+I56+J57+I58,2) -> 1 | ... Q74: =MOD(P57+Q56+R57+Q58,2) -> 0 | S74: =MOD(R57+S56+T57+S58,2) -> 0 | T74: =MOD(S57+T56+U57+T58,2) -> 0 | U74: =MOD(T57+U56+V57+U58,2) -> 0 | V74: =MOD(U57+V56+W57+V58,2) -> 0 | W74: =MOD(V57+W56+X57+W58,2) -> 0 | X74: =MOD(W57+X56+Y57+X58,2) -> 0 | Y74: =MOD(X57+Y56+Z57+Y58,2) -> 0 | Z74: =MOD(Y57+Z56+AA57+Z58,2) -> 0 | ... AH74: =MOD(AG57+AH56+AI57+AH58,2) -> 0
B75: =MOD(A58+B57+C58+B59,2) -> 1 | C75: =MOD(B58+C57+D58+C59,2) -> 0 | D75: =MOD(C58+D57+E58+D59,2) -> 1 | E75: =MOD(D58+E57+F58+E59,2) -> 0 | F75: =MOD(E58+F57+G58+F59,2) -> 0 | G75: =MOD(F58+G57+H58+G59,2) -> 0 | H75: =MOD(G58+H57+I58+H59,2) -> 0 | I75: =MOD(H58+I57+J58+I59,2) -> 0 | ... Q75: =MOD(P58+Q57+R58+Q59,2) -> 0 | S75: =MOD(R58+S57+T58+S59,2) -> 0 | T75: =MOD(S58+T57+U58+T59,2) -> 0 | U75: =MOD(T58+U57+V58+U59,2) -> 0 | V75: =MOD(U58+V57+W58+V59,2) -> 0 | W75: =MOD(V58+W57+X58+W59,2) -> 0 | X75: =MOD(W58+X57+Y58+X59,2) -> 0 | Y75: =MOD(X58+Y57+Z58+Y59,2) -> 0 | Z75: =MOD(Y58+Z57+AA58+Z59,2) -> 0 | ... AH75: =MOD(AG58+AH57+AI58+AH59,2) -> 0
B76: =MOD(A59+B58+C59+B60,2) -> 0 | C76: =MOD(B59+C58+D59+C60,2) -> 1 | D76: =MOD(C59+D58+E59+D60,2) -> 0 | E76: =MOD(D59+E58+F59+E60,2) -> 1 | F76: =MOD(E59+F58+G59+F60,2) -> 0 | G76: =MOD(F59+G58+H59+G60,2) -> 0 | H76: =MOD(G59+H58+I59+H60,2) -> 0 | I76: =MOD(H59+I58+J59+I60,2) -> 1 | ... Q76: =MOD(P59+Q58+R59+Q60,2) -> 0 | S76: =MOD(R59+S58+T59+S60,2) -> 0 | T76: =MOD(S59+T58+U59+T60,2) -> 0 | U76: =MOD(T59+U58+V59+U60,2) -> 0 | V76: =MOD(U59+V58+W59+V60,2) -> 0 | W76: =MOD(V59+W58+X59+W60,2) -> 0 | X76: =MOD(W59+X58+Y59+X60,2) -> 0 | Y76: =MOD(X59+Y58+Z59+Y60,2) -> 0 | Z76: =MOD(Y59+Z58+AA59+Z60,2) -> 0 | ... AH76: =MOD(AG59+AH58+AI59+AH60,2) -> 0
B77: =MOD(A60+B59+C60+B61,2) -> 1 | C77: =MOD(B60+C59+D60+C61,2) -> 0 | D77: =MOD(C60+D59+E60+D61,2) -> 1 | E77: =MOD(D60+E59+F60+E61,2) -> 0 | F77: =MOD(E60+F59+G60+F61,2) -> 0 | G77: =MOD(F60+G59+H60+G61,2) -> 0 | H77: =MOD(G60+H59+I60+H61,2) -> 0 | I77: =MOD(H60+I59+J60+I61,2) -> 0 | ... Q77: =MOD(P60+Q59+R60+Q61,2) -> 0 | S77: =MOD(R60+S59+T60+S61,2) -> 0 | T77: =MOD(S60+T59+U60+T61,2) -> 0 | U77: =MOD(T60+U59+V60+U61,2) -> 0 | V77: =MOD(U60+V59+W60+V61,2) -> 0 | W77: =MOD(V60+W59+X60+W61,2) -> 0 | X77: =MOD(W60+X59+Y60+X61,2) -> 0 | Y77: =MOD(X60+Y59+Z60+Y61,2) -> 0 | Z77: =MOD(Y60+Z59+AA60+Z61,2) -> 0 | ... AH77: =MOD(AG60+AH59+AI60+AH61,2) -> 0
B78: =MOD(A61+B60+C61+B62,2) -> 0 | C78: =MOD(B61+C60+D61+C62,2) -> 0 | D78: =MOD(C61+D60+E61+D62,2) -> 0 | E78: =MOD(D61+E60+F61+E62,2) -> 0 | F78: =MOD(E61+F60+G61+F62,2) -> 0 | G78: =MOD(F61+G60+H61+G62,2) -> 0 | H78: =MOD(G61+H60+I61+H62,2) -> 0 | I78: =MOD(H61+I60+J61+I62,2) -> 0 | ... Q78: =MOD(P61+Q60+R61+Q62,2) -> 0 | S78: =MOD(R61+S60+T61+S62,2) -> 0 | T78: =MOD(S61+T60+U61+T62,2) -> 0 | U78: =MOD(T61+U60+V61+U62,2) -> 0 | V78: =MOD(U61+V60+W61+V62,2) -> 0 | W78: =MOD(V61+W60+X61+W62,2) -> 0 | X78: =MOD(W61+X60+Y61+X62,2) -> 0 | Y78: =MOD(X61+Y60+Z61+Y62,2) -> 0 | Z78: =MOD(Y61+Z60+AA61+Z62,2) -> 0 | ... AH78: =MOD(AG61+AH60+AI61+AH62,2) -> 0
B79: =MOD(A62+B61+C62+B63,2) -> 0 | C79: =MOD(B62+C61+D62+C63,2) -> 0 | D79: =MOD(C62+D61+E62+D63,2) -> 0 | E79: =MOD(D62+E61+F62+E63,2) -> 0 | F79: =MOD(E62+F61+G62+F63,2) -> 0 | G79: =MOD(F62+G61+H62+G63,2) -> 0 | H79: =MOD(G62+H61+I62+H63,2) -> 0 | I79: =MOD(H62+I61+J62+I63,2) -> 0 | ... Q79: =MOD(P62+Q61+R62+Q63,2) -> 0 | S79: =MOD(R62+S61+T62+S63,2) -> 0 | T79: =MOD(S62+T61+U62+T63,2) -> 0 | U79: =MOD(T62+U61+V62+U63,2) -> 0 | V79: =MOD(U62+V61+W62+V63,2) -> 0 | W79: =MOD(V62+W61+X62+W63,2) -> 0 | X79: =MOD(W62+X61+Y62+X63,2) -> 0 | Y79: =MOD(X62+Y61+Z62+Y63,2) -> 0 | Z79: =MOD(Y62+Z61+AA62+Z63,2) -> 0 | ... AH79: =MOD(AG62+AH61+AI62+AH63,2) -> 0
B80: =MOD(A63+B62+C63+B64,2) -> 0 | C80: =MOD(B63+C62+D63+C64,2) -> 0 | D80: =MOD(C63+D62+E63+D64,2) -> 0 | E80: =MOD(D63+E62+F63+E64,2) -> 0 | F80: =MOD(E63+F62+G63+F64,2) -> 0 | G80: =MOD(F63+G62+H63+G64,2) -> 0 | H80: =MOD(G63+H62+I63+H64,2) -> 0 | I80: =MOD(H63+I62+J63+I64,2) -> 0 | ... Q80: =MOD(P63+Q62+R63+Q64,2) -> 0 | S80: =MOD(R63+S62+T63+S64,2) -> 0 | T80: =MOD(S63+T62+U63+T64,2) -> 0 | U80: =MOD(T63+U62+V63+U64,2) -> 0 | V80: =MOD(U63+V62+W63+V64,2) -> 0 | W80: =MOD(V63+W62+X63+W64,2) -> 0 | X80: =MOD(W63+X62+Y63+X64,2) -> 0 | Y80: =MOD(X63+Y62+Z63+Y64,2) -> 0 | Z80: =MOD(Y63+Z62+AA63+Z64,2) -> 0 | ... AH80: =MOD(AG63+AH62+AI63+AH64,2) -> 0
B81: =MOD(A64+B63+C64+B65,2) -> 0 | C81: =MOD(B64+C63+D64+C65,2) -> 0 | D81: =MOD(C64+D63+E64+D65,2) -> 0 | E81: =MOD(D64+E63+F64+E65,2) -> 0 | F81: =MOD(E64+F63+G64+F65,2) -> 0 | G81: =MOD(F64+G63+H64+G65,2) -> 0 | H81: =MOD(G64+H63+I64+H65,2) -> 0 | I81: =MOD(H64+I63+J64+I65,2) -> 0 | ... Q81: =MOD(P64+Q63+R64+Q65,2) -> 0 | S81: =MOD(R64+S63+T64+S65,2) -> 1 | T81: =MOD(S64+T63+U64+T65,2) -> 0 | U81: =MOD(T64+U63+V64+U65,2) -> 0 | V81: =MOD(U64+V63+W64+V65,2) -> 0 | W81: =MOD(V64+W63+X64+W65,2) -> 1 | X81: =MOD(W64+X63+Y64+X65,2) -> 0 | Y81: =MOD(X64+Y63+Z64+Y65,2) -> 0 | Z81: =MOD(Y64+Z63+AA64+Z65,2) -> 0 | ... AH81: =MOD(AG64+AH63+AI64+AH65,2) -> 0
B82: =MOD(A65+B64+C65+B66,2) -> 0 | C82: =MOD(B65+C64+D65+C66,2) -> 1 | D82: =MOD(C65+D64+E65+D66,2) -> 0 | E82: =MOD(D65+E64+F65+E66,2) -> 1 | F82: =MOD(E65+F64+G65+F66,2) -> 0 | G82: =MOD(F65+G64+H65+G66,2) -> 0 | H82: =MOD(G65+H64+I65+H66,2) -> 0 | I82: =MOD(H65+I64+J65+I66,2) -> 1 | ... Q82: =MOD(P65+Q64+R65+Q66,2) -> 0 | S82: =MOD(R65+S64+T65+S66,2) -> 0 | T82: =MOD(S65+T64+U65+T66,2) -> 0 | U82: =MOD(T65+U64+V65+U66,2) -> 0 | V82: =MOD(U65+V64+W65+V66,2) -> 0 | W82: =MOD(V65+W64+X65+W66,2) -> 0 | X82: =MOD(W65+X64+Y65+X66,2) -> 1 | Y82: =MOD(X65+Y64+Z65+Y66,2) -> 0 | Z82: =MOD(Y65+Z64+AA65+Z66,2) -> 1 | ... AH82: =MOD(AG65+AH64+AI65+AH66,2) -> 0
B83: =MOD(A66+B65+C66+B67,2) -> 1 | C83: =MOD(B66+C65+D66+C67,2) -> 0 | D83: =MOD(C66+D65+E66+D67,2) -> 1 | E83: =MOD(D66+E65+F66+E67,2) -> 0 | F83: =MOD(E66+F65+G66+F67,2) -> 0 | G83: =MOD(F66+G65+H66+G67,2) -> 0 | H83: =MOD(G66+H65+I66+H67,2) -> 0 | I83: =MOD(H66+I65+J66+I67,2) -> 0 | ... Q83: =MOD(P66+Q65+R66+Q67,2) -> 0 | S83: =MOD(R66+S65+T66+S67,2) -> 0 | T83: =MOD(S66+T65+U66+T67,2) -> 0 | U83: =MOD(T66+U65+V66+U67,2) -> 0 | V83: =MOD(U66+V65+W66+V67,2) -> 0 | W83: =MOD(V66+W65+X66+W67,2) -> 0 | X83: =MOD(W66+X65+Y66+X67,2) -> 0 | Y83: =MOD(X66+Y65+Z66+Y67,2) -> 0 | Z83: =MOD(Y66+Z65+AA66+Z67,2) -> 0 | ... AH83: =MOD(AG66+AH65+AI66+AH67,2) -> 0
B84: =MOD(A67+B66+C67+B68,2) -> 0 | C84: =MOD(B67+C66+D67+C68,2) -> 0 | D84: =MOD(C67+D66+E67+D68,2) -> 0 | E84: =MOD(D67+E66+F67+E68,2) -> 0 | F84: =MOD(E67+F66+G67+F68,2) -> 0 | G84: =MOD(F67+G66+H67+G68,2) -> 0 | H84: =MOD(G67+H66+I67+H68,2) -> 0 | I84: =MOD(H67+I66+J67+I68,2) -> 0 | ... Q84: =MOD(P67+Q66+R67+Q68,2) -> 0 | S84: =MOD(R67+S66+T67+S68,2) -> 0 | T84: =MOD(S67+T66+U67+T68,2) -> 0 | U84: =MOD(T67+U66+V67+U68,2) -> 0 | V84: =MOD(U67+V66+W67+V68,2) -> 0 | W84: =MOD(V67+W66+X67+W68,2) -> 0 | X84: =MOD(W67+X66+Y67+X68,2) -> 0 | Y84: =MOD(X67+Y66+Z67+Y68,2) -> 0 | Z84: =MOD(Y67+Z66+AA67+Z68,2) -> 0 | ... AH84: =MOD(AG67+AH66+AI67+AH68,2) -> 0
B85: =MOD(A68+B67+C68+B69,2) -> 0 | C85: =MOD(B68+C67+D68+C69,2) -> 0 | D85: =MOD(C68+D67+E68+D69,2) -> 0 | E85: =MOD(D68+E67+F68+E69,2) -> 0 | F85: =MOD(E68+F67+G68+F69,2) -> 0 | G85: =MOD(F68+G67+H68+G69,2) -> 0 | H85: =MOD(G68+H67+I68+H69,2) -> 0 | I85: =MOD(H68+I67+J68+I69,2) -> 0 | ... Q85: =MOD(P68+Q67+R68+Q69,2) -> 0 | S85: =MOD(R68+S67+T68+S69,2) -> 0 | T85: =MOD(S68+T67+U68+T69,2) -> 0 | U85: =MOD(T68+U67+V68+U69,2) -> 0 | V85: =MOD(U68+V67+W68+V69,2) -> 0 | W85: =MOD(V68+W67+X68+W69,2) -> 0 | X85: =MOD(W68+X67+Y68+X69,2) -> 0 | Y85: =MOD(X68+Y67+Z68+Y69,2) -> 0 | Z85: =MOD(Y68+Z67+AA68+Z69,2) -> 0 | ... AH85: =MOD(AG68+AH67+AI68+AH69,2) -> 0
... B89: =MOD(A72+B71+C72+B73,2) -> 0 | C89: =MOD(B72+C71+D72+C73,2) -> 0 | D89: =MOD(C72+D71+E72+D73,2) -> 0 | E89: =MOD(D72+E71+F72+E73,2) -> 0 | F89: =MOD(E72+F71+G72+F73,2) -> 0 | G89: =MOD(F72+G71+H72+G73,2) -> 0 | H89: =MOD(G72+H71+I72+H73,2) -> 0 | I89: =MOD(H72+I71+J72+I73,2) -> 0 | ... Q89: =MOD(P72+Q71+R72+Q73,2) -> 0 | S89: =MOD(R72+S71+T72+S73,2) -> 0 | T89: =MOD(S72+T71+U72+T73,2) -> 0 | U89: =MOD(T72+U71+V72+U73,2) -> 0 | V89: =MOD(U72+V71+W72+V73,2) -> 0 | W89: =MOD(V72+W71+X72+W73,2) -> 0 | X89: =MOD(W72+X71+Y72+X73,2) -> 0 | Y89: =MOD(X72+Y71+Z72+Y73,2) -> 0 | Z89: =MOD(Y72+Z71+AA72+Z73,2) -> 0 | ... AH89: =MOD(AG72+AH71+AI72+AH73,2) -> 0
